Salesperson,CustomerName,Jan-23,Feb-23,Mar-23,Apr-23,May-23,Jun-23,Jul-23,Aug-23,Sep-23,Oct-23,Nov-23,Dec-23,Jan-24,Feb-24,Mar-24,Apr-24,May-24,Jun-24,Jul-24,Aug-24,Sep-24,Oct-24,Nov-24
YVETTE,DORIC INDUSTRIES LIMITED,,,,,,,,,,,,,,,,,,,,,"17,400.00000","41,516.40000",
YVETTE,EAST AFRICAN SEA FOOD,,,,,,,,,,,,,,,,,,,,"69,600.00000",,,
YVETTE,HAZINA LOGISTICS LTD,,,,,,,,,,,,,,,,,,,,"142,680.00000",,,
YVETTE,JUANCO SPS LTD,,,,,,,,,,,,,,,,,,,,"85,260.00000",,,
YVETTE,MCDAVE HOLDING LIMIED,,,,,,,,,,,,,,,,,,,"110,385.60000","73,729.60000",,"526,964.80000","337,351.20000"
YVETTE,MINAHIL K LIMITED,,,,,,,,,,,,,,,,,,,"81,790.09200",,,,
YVETTE,TIMSALES LIMITED,,,,,,,,,,,,,,,,,,,,"68,782.20000",,,
YEMANE,734 WATER GENERAL TRADING,,,,,,,,,,,,,,,,"24,996.40000","227,388.96570",,,,,,
YEMANE,ABUBEKER HUSSIEN WORAKI/LIFE CARE PHARMACEUTICALS,,"2,512,162.80000",,,,"3,129,487.36000","-132,000.00000",,,,,"2,485,338.27300",,,,,"2,577,037.19509",,,,,,
YEMANE,ADVENT LIMITED,,,,,,,,,,,,,,,,,,,"804,040.93593",,"575,013.10204","1,371,821.91937",
YEMANE,ALMA AGRO GROUP,,,,,,,,,,,,,,,,,,"66,282.30720",,,,,
YEMANE,AQUA CRYSTAL COMPANY,,,,,,"329,600.00000",,,,"373,908.60000",,,"861,682.50000",,,"657,010.64000","-32,758.44000",,,,,,
YEMANE,AQUA PALM C. LTD,,,,,,,,,,,,,,,,,,,"567,313.99124",,,,
YEMANE,ASOOL TRADING AND INVESTMENT LIMITED,,,,,,,,,,,,,,,,"522,000.00000","994,204.52920",,,,,,
YEMANE,BEST BEVERAGE CO. LTD,,,,"1,695,751.89000",,,,,,,,"121,879.48419","15,750.00000","443,203.13390",,"523,793.44643",,,"212,704.12596",,,,
YEMANE,BETA HEALTHCARE INTERNATIONAL,,,,,,,,,,,,,,,,,,,"1,506,477.34920","698,745.87080","131,457.00000","814,148.78400",
YEMANE,BLESSED DAIRIES LTD,,,,,,,,,,,,,,,,,,,"1,537,022.20404",,"1,267,378.97000",,
YEMANE,CANAAN WATER COMPANY LTD,,"3,087,453.95280","1,626,096.83600","3,576,147.98800","1,858,420.83200","3,409,307.82720","2,753,210.91160","1,700,243.82736","2,577,236.82548","3,700,636.48219","4,384,932.06502","3,705,288.73007","3,997,705.09635","5,666,329.77348",,"4,193,980.08251","3,273,773.53040",,,,"2,120,143.24149",,"1,881,981.44800"
YEMANE,CITY LINK WATER FACTORY COMPANY LIMITED,,,,,,,,,,,,,,,,,,"437,168.62301",,,,,
YEMANE,DAERONA GREEN GENERAL TRADING CO.LTD,,,,,,,,,,,,,,,,,,,"319,675.20000",,"304,186.60357",,
YEMANE,ELIA FOOD OVERSEAS LTD,,,,,,,,,,,,,,,,,,,,,"52,780.00000",,"77,323.44230"
YEMANE,ELIM WATER COMPANY,,"1,137,603.60000","1,171,558.08000","431,060.00000",,,"1,788,573.43000",,,,"1,135,758.92160","2,182,155.46880","2,654,426.25000","3,785,346.63920",,"39,468.00000","30,169.34700","39,959.40000","32,899.90600",,,,
YEMANE,ELITE WATER FACTORY,,,,"374,718.40000",,"14,848.00000","79,242.00000","48,332.00000",,"1,047,937.02000",,,"181,944.00000",,,,0.00000,"33,408.00000","355,641.32396","41,621.71104",,,
YEMANE,EMPIRE PURIFIED WATERS,,,,,,,,,,"107,694.40000",,,,,"84,150.00000",,,,,,,,
YEMANE,FAHTANNAH FOODS LTD,,,,,,,,,,,,,,,,,,,"20,049.44000",,"7,540.00000","6,786.00000",
YEMANE,FATUMA AND HER FRIENDS COSMETICS MANUFACTURING,,,,,,,,,,,"22,837.50000","131,639.50000","202,877.76600",,,,"87,985.27088",,,"261,441.03440",,,
YEMANE,GOLDEN KEY TRADING LTD,,,,,,,,,,,,,,,,,"1,047,346.52880","553,417.71030","1,122,119.89110",,,,
YEMANE,GREEN FOOD LTD,,,,,,,,,,,,,,,,,,1.46518,,,"1,387,550.20560",,
YEMANE,HOME-MART MANUFACTURERS LTD,,,,,,,,,"8,143.20000",,,,,,,,,,,,,,
YEMANE,HRP PACKAGING,,,,,,,,,,,,,,,,,,,"1,009,893.91620",,,,
YEMANE,INCUTI FOODS LTD,,,,,,,,,,,,,,,,,,,,,,,"103,654.68360"
YEMANE,INGABO DAIRY LTD,,,,,,,,,,,,,,,,,,,"63,000.00000",,,,
YEMANE,INKS EXPERTS LTD,,,,,,,,"24,650.00000","31,749.20000",,,"38,947.00000",,,"39,440.00000","4,930.00000",,,,,"43,877.00000",468.35000,
YEMANE,ISHYO FOODS LIMITED,,,,,,,,,,,,,,,,,,,,,"286,375.70000","43,158.14997",
YEMANE,JIT BEVERAGE COMPANY,,"479,784.93000","458,430.01000",,"399,504.00000","403,531.87000",,,"569,780.53000","881,416.13000",,"400,097.27000","1,480,500.87000",,"809,374.98000",,"808,363.34000",,"810,563.41000",,,"473,572.00000",
YEMANE,KASESA DISTILLERS AND DISTRIBUTORS LIMITED RWANDA,,,,,,,,,,,,,,,,,,,,,,,"2,064,051.69893"
YEMANE,KAZIFRESH LIMITED,,,,,,,,,,,,,,,,,,,,,"213,915.98800",,
YEMANE,LUNZA FOODS LIMITED,,,,,,,,,,,,,,,,,,,"13,746.00000",,,,
YEMANE,MASAKA CREAMERY LIMITED,,,,,,"189,033.00000",,,,,,,,,,"277,500.00000",,,"14,560.00000","980,298.00000","284,648.00000","897,270.50000",
YEMANE,MOUNTAIN CLASSIC MB CO.LTD,,,,,,,,,"1,389,494.59440",,,"939,741.48063","700,159.90275",,"4,390,406.16584",,"-175,484.02800",,,"232,038.24189",,,
YEMANE,MUSE-AF CO.LTD,,,,,,,,"43,297.36200",,,,,,,,,,,,,,,
YEMANE,NEGEV TA TSION CO.LTD,,,,,,,,,,,"45,675.00000","939,254.64678",,"2,770,997.16818",,"552,263.48892","2,099,918.11561","233,368.50364","26,639.60000","220,990.79977",,,
YEMANE,NICE BEVERAGE & FOOD STUFF FAC,,"496,918.80000","490,326.48000","1,976,800.00000",,,,,,"955,698.82200",,,,,,,,,,,,,
YEMANE,NILE SUPREME COMPANY LTD,,,,,,,,,,,,,,,,"686,030.14480",,,,,,,
YEMANE,ORIGINAL BEST COMPANY LTD,,,,,,,,,,,"60,900.00000","544,062.64636",,,,"23,194.02800",,,,,,,
YEMANE,POWERLIFE KARDI EAST AFRICA,,,,,,,,,,,"69,600.00000","127,994.40000",,,,,,,,,,,
YEMANE,RAHMA PURIFIED WATER,,,,,,,,,,,,,,"100,465.28000","205,498.64000",,,"88,670.40000",,,,,"104,017.20000"
YEMANE,RAINBOW BUSINESS SOLUTIONS,,,,,,,"1,963,946.16225",,"58,416.00000",,"1,187,550.00000","10,392,032.88704","438,678.13500",,,"263,120.00000","9,519,113.86267",,"573,499.02172","729,019.80508","526,174.51024",,
YEMANE,ROSE BEVERAGE COMPANY LIMITED,,,,,,,,,,,,,,"2,136,767.85000",,,,,,,,,
YEMANE,ROYAL FAMILY GENERAL TRADING CO.LTD,,,,"6,300.28000",,,,,,,,,,,,,,,,,,,
YEMANE,ROYAL IDENTITY EA LIMITED,,,,,,,,,,,"29,640.00000","63,186.96000",,,,,,,,,,,
YEMANE,SOCIETE AMERICAN BEVERAGE SARL,,,,"661,500.00000",,,,,,,,,,,,,,,,,,,
YEMANE,STARLAND MINERAL WATER,,,,,,,,,,,,,,,,,,,,,,"41,520.00000","456,085.64000"
YEMANE,TOP WATER LIMITED,,,,,,,,,,,,,,,,,,,,"261,867.26800",,,
YEMANE,TWIN CITIES INDUSTRIALISTIC PLC,,,,,,,,,,,"688,407.96960",,,,,,,,,,,,
YEMANE,TZ FOOD & BEVERAGE INDUSTRIES LTD,,,,,,,,,,,,,"236,250.00000","549,614.93916","107,632.50000","716,051.07116","1,817,277.94876",,,,,,
YEMANE,UNIQUE HEALING APPROACH LTD,,,,,,,"57,408.40000",,,,,,,,,,,,,,,,
YEMANE,ZARA ENTERPRISES SRL,,,,,,,,,,,,,,,,,,"2,001,253.33070","2,293,823.90488","1,367,630.44470","1,869,822.86816","2,581,610.33650","135,595.56400"
YEMANE,ZERO FOUR DROPS,,,,,,,,,,,,,,"46,400.00000","299,300.88000",,,,,,,,
VINCENT,FARRAH COFFEE LIMITED,,,,,,,,,,,,,,,,,,,,,,"6,380.00000",
VINCENT,JANITORIAL SUPPLIES LIMITED,,,,,,,,,,,,,,,,,,,,,"129,664.80000",,
VINCENT,METRO PHARMACEUTICAL LTD,,,,,,,,,,,,,,,,,,,,"11,600.00000",,,
TONY,ACE CHEMICALS LTD,,"55,540.80000",,,"78,935.10000",,,,"59,925.60000",,,,"53,626.80000",,,,"49,329.00000",,,,,,
TONY,ACEE LIMITED,,,,,,,,,,"170,960.80000","231,536.00000","47,397.60000","861,160.80000","66,398.40000",0.00000,,,,,,,,"980,710.40000"
TONY,AQUAMIST LIMITED,,"1,766,767.00000","2,976,311.18000","362,423.44000","2,240,185.04000","2,206,616.96000","1,293,433.23400","912,017.75200","3,824,421.96260","1,495,167.20540","716,207.77374","2,326,450.07560","1,231,578.01766","1,387,672.05856","977,192.52112","1,574,138.55420","1,517,254.67140","1,344,258.86600","1,717,840.35760","1,095,822.85117","1,322,375.07044","1,285,303.08400","1,301,629.38800"
TONY,ASHUT PLASTICS LIMITED,,,"102,080.00000",,"385,165.20000",,,,"117,392.00000",,"293,480.00000","103,419.80000",,,"129,960.60000",,,,,,,,
TONY,B.BRAUN PHARMACEUTICALS EPZ LIMITED,,,,,,,,,,,,,"2,031,290.00000",0.00000,,,"1,638,121.95000",,"-2,400.00000",,,,
TONY,BIDCO AFRICA LIMITED DR,,"445,234.68000","1,168,942.08960","1,049,093.56000","1,375,941.88400","555,642.30376","727,679.60000","921,220.72800","1,846,733.42400","979,027.48000","863,457.83200","804,858.69200","257,230.00000","2,003,528.56800","1,271,007.36000","99,017.60000","1,304,113.76000","571,371.17760","605,811.34490","999,261.42160","2,681,083.22240","950,691.92000","1,488,888.79120"
TONY,BLOWPLAST LIMITED,,"529,192.58000","847,905.71200","246,040.87200","857,573.73200","262,995.20000","699,118.66000","432,580.00800","950,161.56800","489,887.38128","74,024.70400","508,729.60000","1,036,211.76000","647,277.79600","1,537,423.80600","1,343,917.31560","968,187.73600","925,535.69600","894,150.91000","858,075.54800","1,610,624.85200","2,639,912.86200","627,097.50800"
TONY,BOBMIL INDUSTRIES LTD DR,,"132,561.32000","592,115.04000","144,600.96000","93,310.40000","161,781.72000","117,579.92000","264,377.92000","76,270.00000","278,342.00000","168,606.00000","111,963.20000","217,894.40000","103,620.48000","-2,784.00000","510,400.00000","320,160.00000","87,000.00000","15,144.96000","261,928.00000","562,397.00000","316,112.76000","251,430.00000"
TONY,CANON CHEMICALS LTD,"124,833.40000","63,498.40000","178,854.60000","339,781.40000","240,711.36800","161,593.80000","196,388.00000","128,435.20000","241,338.00000","93,960.00000",,,,"59,160.00000","122,496.00000","226,896.00000",,"224,640.96000","95,062.00000","135,970.56000","267,936.80000","386,713.84000","122,941.44000"
TONY,CAPWELL INDUSTRIES LIMITED,,,,,,,,,"220,082.85600","169,670.53200",,,,"116,580.00000","7,980.80000","216,804.00000","16,356.00000","358,962.00000","78,786.50400","12,876.00000","132,092.33200","445,815.84000",
TONY,CHITAS CHILLI,,,,,,,,,,,,"19,720.00000",,,,,,,,,,,
TONY,CNDY CREATIONS K LIMITED,,,,,,,,"56,700.80000",,,,,,"55,174.24000","99,296.00000",,,"67,280.00000","26,448.00000","34,790.13536","46,801.94000","70,760.00000",
TONY,DARFORDS INDUSTRIES LIMITED,,,"102,532.98000",,,,,,,,,,,,,,"65,598.00000","80,736.00000",,"149,671.32000","269,356.64000","305,198.32000",
TONY,DAVIKEN LIMITED,,"35,004.16000",,,,,,,,,,,,,,,,,,,,,
TONY,DELIROSA LIMITED,,,,,,,,,,,"20,880.00000","153,700.00000",,"11,600.00000","222,140.00000","13,485.00000","41,905.00000","20,735.00000","279,866.24000",,"-229,696.24000",,
TONY,DETERPRO ENTERPRISES,,,,,,,,,,,,,,,,,,,"35,449.60000",,,,
TONY,EDIBLE OIL PRODUCTS LIMITED,,"651,432.80000","2,079,728.04000","256,128.00000","1,305,525.48000","258,147.67600","2,199,107.12000","1,435,667.38800","985,483.80000","687,048.28000","852,391.20000",,"620,136.00000","769,602.00000","976,256.58000",,"387,366.92000","841,457.04000","316,958.40000","838,523.40000","382,800.00000","210,727.92000","745,079.60000"
TONY,GENERAL PLASTICS LIMITED,,"161,240.00000","206,480.00000","169,708.00000",,,"388,136.00000","-246,036.00000","200,680.00000","199,404.00000","216,467.60000","703,076.00000","484,114.40000","453,966.00000","502,117.60000","373,566.40000","819,076.00000","740,264.20800","700,350.00000","600,300.00000","146,160.00000","146,160.00000","57,002.40000"
TONY,GLAXOSMITHKLINE LIMITED,,"297,526.08000",,"272,608.76960","375,170.24120","74,651.97400","978,982.22620",,"44,310.84000","427,022.44800","294,719.21640",,,,,,,"47,289.72000",,,,,
TONY,GOLDEN AFRICA KENYA LIMITED,,,,,,,,"579,591.10000","1,771,106.56000","106,947.07000","2,480,366.81000","1,263,823.01600","1,776,435.60000","832,732.10000","704,242.48301","773,287.32000","2,807,571.78000","636,940.34000","3,634,552.94800","1,150,784.14800","818,754.10000","3,049,506.89000","2,264,438.55200"
TONY,ISINYA FEEDS LTD,,,,,,"207,068.46800","70,528.00000","167,663.50000","71,830.10000","1,336.32000","208,243.20000",,,,,,,,,,,,
TONY,IZYCUT LABELS,,,,,"10,718.40000",,,,,,,,,,,,,,,,,,
TONY,IZZI BRUNCH AND CAKE LTD,,,,,,,,,,,"56,028.00000",,,,,,,"175,508.00000",,,,,
TONY,JETLAK FOODS LIMITED,,,,"201,770.40000",,,,,"99,667.20000",,,"185,832.00000",,"192,573.92000",,"212,528.80000",,,,"144,443.20000",,,
TONY,KENAFRIC INDUSTRIES LIMITED,,,,,,,,,,"97,020.00000",,,,,"180,653.76000",,,,,,"55,540.80000","28,355.04000",
TONY,KEVIAN KENYA LIMITED,,"3,839,586.97320","1,383,461.78520","1,114,153.74920","3,300,961.46560","1,507,290.78040","1,463,017.99560","1,496,650.07280","2,532,821.96940","-54,080.17440","1,306,855.49840","341,864.91080",,"833,183.75760","236,133.31200","964,241.32320","67,885.52000","314,465.53680","1,002,033.74040","399,576.34920","37,138.00320","205,929.69600","297,413.03220"
TONY,KITAMU FARM  LIMITED,,"55,912.00000","110,914.56000",,,,,,,,,,,,,,,,,,,,
TONY,MENENGAI OIL REFINERIES LIMITED,,"1,272,950.36000","2,029,612.65280","569,729.99800","-77,679.96840","279,419.06000","143,086.00000","277,188.96000","890,026.24000","122,423.50000",,,"140,365.80000","267,391.60000","620,065.93600","339,137.60000","1,094,544.67188","188,382.14400","834,519.08000","394,255.69600","536,120.44800","2,146,470.96000","448,456.00000"
TONY,MOJO SKINCARE PRODUCTS LIMITED,,,,,,,,,,,,,,,,,,,,,"38,280.00000",,
TONY,MVITA OIL,,,,,,,,"2,296,173.60000","650,899.20000","1,593,631.20000","1,699,353.60000","1,206,794.40000","-50,001.33600","4,767,252.00000","1,403,623.20000",,"2,345,868.00000","2,361,458.40000",,"1,810,922.40000",,"468,686.40000","1,406,546.40000"
TONY,PLUS EX PRODUCTS,,,"159,993.00000",,,"-18,705.00000",,"11,600.00000","38,058.44000",,,"45,276.07600","47,884.80000",,"55,167.28000","40,619.77800",,"54,827.40000","88,029.96400","97,461.46000",,,"43,096.32000"
TONY,PZ CUSSONS EAST AFRICA LIMITED,,"603,543.82400","975,228.86640","1,661,347.36000","1,965,119.38112","1,087,184.01600","1,729,452.81600","1,321,323.28800","520,488.52000","2,567,590.28400","2,748,071.20400","3,442,168.57594","2,270,422.52800","3,211,411.86000","621,628.61840","2,511,872.46800","2,179,770.59280","769,459.43600","1,740,181.65600","1,051,055.35200","822,304.03640","1,495,949.28200","1,019,631.76400"
TONY,RADHESHYAM SUPPLIERS LIMITED,,,,,,,,,"23,200.00000","38,280.00000",,,,,"31,790.96000","9,280.00000",,,,,,,
TONY,RAINFOREST FARMLANDS KENYA PUBLIC LIMITED COMPANY,,,,,,,,,,,,,,,"62,000.20200","51,797.94400","57,420.00000","107,328.82600","26,540.80000","81,149.13400","44,660.00000","108,185.66000","20,288.40000"
TONY,SILAFRICA  KENYA LIMITED,,,,,,,,,,,,"470,753.52000","661,100.24000","46,942.88000",,"474,834.40000","2,362,212.40000","744,773.36000","687,817.36000",,"153,120.00000","901,192.40000","276,707.35120"
TONY,SOLVOCHEM EAST AFRICA LIMITED,,,,,,,,,,,,,,"10,440.00000",,,,,,,,,
TONY,TECHPAK INDUSTRIES LIMITED,,"823,536.20000","2,910,790.19240","2,435,803.18280","5,764,814.82000","2,933,195.39720","3,654,639.56600","1,145,877.30160","1,809,251.33880","5,349,934.78600","4,910,033.13280","7,449,015.46264","2,959,030.55792","92,506.90976","-505,697.29040","7,272,940.48172","9,730,759.51664","6,966,016.87012","5,091,208.28966","4,639,611.12928","468,518.97720","1,478,805.31488","3,964,404.72596"
TONY,Ultravetis E.a. Limited,,,,"63,800.00000",,,"-33,060.00000","84,970.00000","30,305.00000",,"61,347.76000","17,539.20000","93,497.85600",,,"33,060.00000",,,"54,984.00000","23,756.80000","72,500.00000","101,212.90000","27,840.00000"
TONY,VAJAS MANUFACTURERS LIMITED,,"12,528.00000","92,475.20000","85,376.00000",,,,,,,,,,,,,,,,,,,
TONY,VICTORIA JUICE CO LIMITED,,"53,370.88080","210,359.21400","334,541.52920","124,605.05400","725,492.33880","425,235.46800",,,"133,786.82520","235,534.92600","85,180.37760","177,777.96920","43,845.80760",,"248,135.89000","212,524.67880",,,,,,
SUZY,ACEE LIMITED,,,,,,"5,800.00000",,,,,,,,,,,,,,,,,
SUZY,ALPHA BREEZE ENTERPRISES,"340,982.00000","365,771.20000","433,979.20000","388,739.20000","72,500.00000","69,948.00000",,,,"61,596.00000","59,693.60000","26,100.00000","136,416.00000","81,780.00000",,,,,,,,,
SUZY,B.BRAUN PHARMACEUTICALS EPZ LIMITED,,,"15,000.00000",,"731,400.00000",,,,,,,,,,,,,,,,,,
SUZY,BESAPACK LIMITED,"433,840.00000",,,,,"103,240.00000",,,,,,,,"111,784.56000",,,,,,,,,
SUZY,BORESHA AFRICA LIMITED,,,,,,,,,,,,"32,166.80000",,,,,,,,,,,
SUZY,CAPWELL INDUSTRIES LIMITED,,,"10,440.00000",,"119,108.80000","232,969.76000","136,508.80000",,,,,,,,,,,,,,,,
SUZY,CHANDARIA INDUSTRIES LTD,,"13,989.60000","131,283.00000","102,144.96000","76,562.32000",,"237,948.77000","68,846.00000","22,306.80000","32,224.80000",,"332,862.00000","152,208.00800","227,458.60000",,,,,,,,,
SUZY,CITIQUEST,,,,"11,136.00000",,,,"5,568.00000","5,568.00000","5,568.00000","5,568.00000","12,820.32000",,"11,136.00000",,,,,,,,,
SUZY,CLOROX SUB-SAHARA AFRICA LTD,,,,,,,"14,500.00000",,,,,,,,,,,,,,,,
SUZY,COSRANET ENTERPRISES,,,"5,220.00000",,,,,,,,,,,,,,,,,,,,
SUZY,DEVANI LIMITED,,,,,"149,548.12800",,,"-53,401.76000",,,,,,,,,,,,,,,
SUZY,FOAM MATTRESSES LIMITED,,"624,741.20000",,"480,021.92000","699,619.20000",,,,,,,,,,,,,,,,,,
SUZY,GIBSONS COFFEEE,,,,,,"2,626.24000","61,060.08000",,,,,,,,,,,,,,,,
SUZY,GOLDEN AFRICA KENYA LIMITED,,"147,057.84000",,"14,439.10000","1,185,970.08000",,"533,785.60000",,,,,,,,,,,,,,,,
SUZY,HK EMPIRES LIMITED,,,"6,960.00000",,,,"5,220.00000","7,748.80000","3,011.36000",,,,,,,,,,,,,,
SUZY,JOMUS SPICES LIMITED,"98,170.80000",,,,,,,"63,753.60000",,,,,,,,,,,,,,,
SUZY,JOSKAB ENTERPRISES,,,"56,793.60000",,"39,440.00000",,,,,,,,,,,,,,,,,,
SUZY,KAPA OIL REFINERIES LIMITED,"-1,195,264.00000","416,440.00000","1,067,200.00000","965,812.98400","464,071.34000",,"-3,441.25600",,,,,,,,,,,,,,,,
SUZY,KENYA SWEETS LIMITED,,"18,560.00000",,,,,,,,,,,,,,,,,,,,,
SUZY,KOIBATEK HIGHLANDSWATER COMPANY LTD,,,,"142,434.08000","29,348.00000",,,,,,"59,858.32000",,,,,,,,,,,,
SUZY,METAL CROWN,,,,"171,685.80000",,"165,369.60000",,"105,768.80000","150,475.20000","175,499.88000",,"114,793.60000",,,,,,,,,,,
SUZY,MIA WINES & SPIRITS INTERNATIONAL,,"17,469.60000",,,,,,,,,,,,,,,,,,,,,
SUZY,MVITA OIL,,"905,960.00000","1,082,280.00000","510,400.00000","1,060,240.00000",,,,,,,,,,,,,,,,,,
SUZY,OLA ENERGY KENYA LTD,,"34,800.00000","76,933.52000","1,384,021.98400","6,082,022.95840","7,555,879.47200","3,612,648.08800","270,608.38551","294,685.47200","1,603,497.34800","1,159,545.04800","1,414,926.12400","1,763,485.82400","1,768,208.18400","1,880,807.29600","1,392,659.69200","3,614,629.13600","290,281.88000",,,,,
SUZY,SCORELINE COMMUNCATIONS LIMITED,"52,896.00000",,,,,,,,,,,,,,,,,,,,,,
SUZY,SHELTER COMPLEX LIMITED,,,,,,,,,,,,,,,,"63,577.28000",,,,,,,
SUZY,SKY DRIPS LIMITED,"23,850.00000",,"10,544.40000",,,,,,,,,"7,912.12800",,"5,359.20000",,"9,744.00000",,,,,,,
SUZY,SLEEKLADY COSMETIC LIMITED,"29,000.00000",,"28,988.40000",,,,,,,,,,,,,,,,,,,,
SUZY,SLICK PRODUCTS LTD,,"24,940.00000",,,,,,,,,,,,,,,,,,,,,
SUZY,T.I.A BEE PRODUCTS KENYA  LIMITED,,,"28,420.00000",,,,,,,,,,,,,,,,,,,,
SUZY,TALLULAH FRESH LTD,,,,,,"12,412.00000",,,,,,,,,,,,,,,,,
SUZY,VIPINGO INDUSTRIES,,,,,"271,282.24000",,,"279,337.28000",,,,,,,,,,,,,,,
SUZY,ZUCCHINI GREENGROCERS LTD,,"51,782.40000",,,,,,,,,,,,,,,,,,,,,
SHIV,A&V GROUP LTD,,"127,128.96000",,,,,,,,,,,,,,,,,,,,,
SHIV,ACE CHEMICALS LTD,"69,080.90000",,,,,,,,,,,,,,,,,,,,,,
SHIV,ADIX SHOES LTD-dr,,"505,876.00000",,,,,,,,,,,,,,,,,,,,"348,000.00000",
SHIV,AFRICA LUBRICANT MANUFACTURING COMPANY LTD,,"501,102.00000","245,532.00000",,"952,494.08000",,,,,,,,,,,,,,,,,,
SHIV,AMITECH AUTO MOBILE LIMITED,,,,"5,800.00000",,,,"4,060.00000",,"3,770.00000",,"3,480.00000",,"3,480.00000",,"3,480.00000",,"3,364.00000",,"3,480.00000","3,770.00000",,
SHIV,AQUAMIST LIMITED,"2,344,188.43600","203,174.00000",,,,,,,,,,,,,,,,,,,,,
SHIV,ASSOCIATED BEVERAGES LTD,,,,,,,"55,680.00000",,"132,553.20000",,"1,670.40000",,,"1,670.40000",,,,,,,,,
SHIV,BETA HEALTHCARE INTERNATIONAL,,,,,,,,,,,,,,,"131,602.00000","131,892.00000","45,179.68000","481,095.50000",,,,,
SHIV,BIDCO AFRICA LIMITED DR,"195,863.68000","128,052.40000",,,,,,,,,,,,,,,,,,,,,
SHIV,BLESSED DAIRIES LTD,,,"729,036.00000",,"1,368,688.30000",,,,"302,793.41600","1,590,186.00000","1,042,912.50000",,,"1,888,283.25000",,,"1,062,100.87230",,,,,,
SHIV,BLOWPLAST LIMITED,"41,748.40000",,,,,,,,,,,,,,,,,,,,,,
SHIV,BLUE RING PRODUCTS LTD,"61,822.20000",,,,,,,,,,,,,,,,,,,,,,
SHIV,BOBMIL INDUSTRIES LTD DR,"289,263.63200",,,,,,,,,,,,,,,,,,,,,,
SHIV,BRUSH MANUFACTURERS LIMITED DR,"14,140.40000","15,300.40000",,"9,824.04000","29,000.00000",,"8,317.20000",,,,,,,-707.60000,,,,,"104,400.00000",,,,
SHIV,BUYLINE INDUSTRIES LIMITED,,"76,560.00000",,,,,"42,591.72000","27,840.00000",,"20,880.00000",,"64,960.00000","4,524.00000","32,455.40800","13,920.00000",,"46,400.00000",,,,,"58,000.00000",
SHIV,CANAAN WATER COMPANY LTD,"4,718,430.32220",,,,,,,,,,,,,,,,,,,,,,
SHIV,CAPWELL INDUSTRIES LIMITED,"93,264.00000",,,,,,,,,,,,,,,,,,,,,,
SHIV,CHANDARANA SUPERMARKET LIMITED,,,,"669,464.42000","150,336.00000","236,575.62000",,,,,,,"83,966.60000","85,764.60000","309,128.40000",,,,"589,270.14000",,,,
SHIV,CHEMI & COTEX INDUSTRIES LTD,,"414,794.52000","947,333.01600","1,550,249.12000","625,988.09600","38,688.00000","1,729,893.52200","3,700,648.08400","413,585.28000","2,090,777.44200","1,364,875.57500","1,357,581.43754","3,418,299.32352","1,608,405.67272","625,150.51246",,"1,751,182.87677","1,320,099.53759",,,,,
SHIV,CITY LINK WATER FACTORY COMPANY LIMITED,"322,172.72640",,,,,,,,,,,,,,,,,,,,,,
SHIV,CONINX INDUSTRIES LIMITED,,"20,880.00000","20,880.00000",,"20,671.20000",,"16,704.00000",,"17,434.80000","16,861.64400","45,704.00000","37,584.00000",,"28,814.40000",,0.00000,,,,"19,717.81920",,,
SHIV,COOPER K-BRANDS LIMITED,,"4,640.00000",,,,,,,,,,,,,,,,,,,,,
SHIV,DARSH INDUSTRIES LTD,,,,,"5,059,289.60000",,,"2,006,173.16000",,"1,885,203.36000","7,225,364.79000","-35,411.96000",,,"5,288,149.47448",,,,"4,871,913.08032",,,"41,200.80536","62,176.82640"
SHIV,DETERPRO ENTERPRISES,,,"22,156.00000",,,,,,,"95,120.00000",,,,,,,,,,,,,
SHIV,DIVINE INDUSTRIES LIMITED,"337,212.00000","929,392.00000",,,,,,,,,,,,,,,,,,,,,
SHIV,DOM SWISS AFRICA LTD,,,,,,,,,,,,,"145,430.36000",,,,,,,,,,
SHIV,EAST AFRICAN FOODS & BEVERAGES LTD,,,,"184,728.48800",,,,,,,"301,953.64680",,,,,,,"13,486.85395","175,734.78130",,,,
SHIV,EDIBLE OIL PRODUCTS LIMITED,"602,156.00000","141,670.80000",,,,,,,,,,,,,,,,,,,,,
SHIV,ELPIS INDUSTRIES LTD,,,,"302,760.00000",,"256,824.00000","185,136.00000",,,,,,,,,,,,,,,,
SHIV,GALAXY FOODS AND BEVERAGES,,"290,304.00000","495,936.00000","2,106,944.00000",,,"2,492,390.40000",,"1,682,479.90000","4,224,701.67120","92,502.43860","268,742.81360","3,312,429.75000",,"-165,619.12500","3,189,055.04555","350,095.75843","1,208,372.25600",,,,,
SHIV,GENERAL INDUSTRIES LTD,"43,950.77600",,,,"41,467.68000","30,276.00000","-20,733.84000","62,640.00000",,,"19,209.60000",,,"9,604.80000",,,"19,397.52000",,,"19,836.00000",,"12,528.00000",
SHIV,GITHUNGURI DIARY FARM CS LTD.,,"51,620.00000",,,,,,,,,,,,,,,,,,,,,
SHIV,GLAXOSMITHKLINE LIMITED,"563,992.00000",,,,,,,,,,,,,,,,,,,,,,
SHIV,Gonas Best Limited,,,,,,,"476,064.00000","235,712.00000","459,360.00000",,"1,024,744.00000","704,352.00000","580,935.20000",,,,,,,,,,
SHIV,GREEN FOOD LTD,,,"521,148.60000",,"199,424.00000","63,923.20000","1,829,419.82000","39,015.92000","85,780.97520","893,432.59200",,,,"801,029.28252",,,"944,939.91150",-0.66600,,,,,
SHIV,GUMBO SPRING COMPANY,,,,,,"200,941.82400",,,,"113,598.77677",,,,,,,,,,,,,
SHIV,HABISON GLOBAL TRADING,,,,,,"104,915.32800",,,,,,"123,896.00000",,,"509,287.65655",,,,,,"192,010.39144",,
SHIV,INSIGNIA LIMITED,,,,"401,940.00000",,,,,,,,,,,,,,,,,,,
SHIV,INSIGNIA LIMITED KSH,,,,,,,"336,545.00000",,"160,328.00000",0.00000,,"524,630.88000","-72,362.88000",,,,,,,,,,
SHIV,JIT BEVERAGE COMPANY,"850,591.57000",,,,,,,,,,,,,,,,,,,,,,
SHIV,JOSQUINE PACKAGING LIMITED,"240,352.00000","194,996.00000",,,,,,,,,,,,,,,,,,,,,
SHIV,JUSTUS MWANGI,"63,167.89187","11,136.00000","57,014.00000",,"52,891.96506","41,130.97283",,"43,996.48000",,"28,294.72000","5,373.12000",,,"5,801.16000","4,920.72000","4,028.68000","4,457.88000","5,100.00000",,,"4,089.00000","3,312.96000",
SHIV,KAISH MEARING PLASTICS COMPANY LIMITED-DR,,"278,121.60000","3,634,790.40000",,,,,,,,,,,,,,,,,,,,
SHIV,KEENFEEDERS LTD,,"142,732.80000",,,,"237,644.80000",,,,,,,"651,790.00000",,,,,,,,,,
SHIV,KENAFRIC INDUSTRIES LIMITED,"213,992.16000",,,,,,,,,,,,,,,,,,,,,,
SHIV,KENPOLY MANUFACTURERS LIMITED,"1,561,647.08840","1,073,845.45440","1,023,185.71400",,,,,,,,,,,,,,,,,,,,
SHIV,KENYA TEA PACKERS LIMITED,,"158,166.00000",,,,,"366,052.50000","162,968.40000",,,,,,,,,,,,,,,
SHIV,LIFE INDUSTRIES CO.LTD,,,,,,"15,118.40256",,,"267,506.70000",,,,,"1,261,888.51823",,"157,872.00000",,,,,,,
SHIV,MAIKAR QUAILITY LTD,,,,,,,,,,,,,,,,,,,,"36,041.20000",,,
SHIV,MALO ENTERPRISES DR,,,,,,,,,,,,,,,"22,272.00000",,,,,,"17,469.60000",,
SHIV,MAMUJEE PRODUCTS LTD,,"626,487.12000",,"4,066,914.74000",,"617,568.00000","3,069,582.18000","1,088,488.22000","1,262,157.87540",,"851,656.05000",,,"618,579.50000",,,,,,,,,
SHIV,MAVUNO HUB FOODS LIMITED,,,,,,,"24,360.00000",,,,,,,,,,,,,,,,
SHIV,MAZERAS OIL LIMITED,,,,,,,,,,"232,000.00000","252,880.00000",,"230,412.54000",,,,,,,,,,
SHIV,MENENGAI OIL REFINERIES LIMITED,"1,555,270.69600","-20,645.86560",,,,,,,,,,,,,,,,,,,,,
SHIV,METAL CROWN (T)LTD,,,,,"66,150.40000",,,,,,,,,,,,,,,,,,
SHIV,MILLY FRUIT PROCESSORS LTD,,,,,,,,,,,,,,,,,,,,"235,563.52000",,"116,000.00000","60,890.72000"
SHIV,MOHAMMED YARROW,,,,,,,,"336,942.00000",,,,,,,,,,,,,,,
SHIV,MONSANTO LTD,,"1,231,357.72944",,,,,,,,,,,,,,,,,,,,,
SHIV,MOUNT MERU SOYCO LTD,,,"42,000.00000","223,664.28000","1,681,365.87200","1,555,038.84800","133,882.45000","243,556.56820",,,,,,,,,,,,,,,
SHIV,NARCOL ALUMINIUM ROLLING MILLS LIMITED,,"3,700.40000",,,,,,,,,,,,,"3,108.33600",,,,,,,,
SHIV,NESTLE KENYA LIMITED,"34,349.34000","85,252.75000","408,441.22000",,,,,,,,,,,,,,,,,,,,
SHIV,NEZULA BRANDS LIMITED,,,,,"62,640.00000",,,,,,,,,,,,,,,,,,
SHIV,ORIBUT COMPANY LIMITED (USD),,,,"290,294.55000","722,083.04000",,,,,,,"54,204.50000",,"266,745.61936",,,"261,815.97728",,,"196,493.68960",,,
SHIV,PAPER CONVERTERS LIMITED,,,,,"368,253.60000",,,,,,,,,,,,,,,,,,
SHIV,PLANET IMPORTER EAST AFRICA LIMITED,"14,755.20000","16,597.28000","22,875.20000","3,359.36000","21,579.48000",,"6,809.20000",,,,,,,,,,,"49,590.00000","-49,590.00000","49,590.00000",,,
SHIV,PLUS EX PRODUCTS,,"52,374.00000",,,,,,,,,,,,,,,,,,,,,
SHIV,PORTA CONSULTANCY LTD,"3,480.00000","3,480.00000",,,,,"5,800.00000",,,,,"5,800.00000",,"22,765.00000",,"5,800.00000","26,100.00000",,,,,,"6,380.00000"
SHIV,PRESSMASTER AFRICA LTD,,,,,,,,,,,,,,,,,,,,,"32,480.00000",,
SHIV,PZ CUSSONS EAST AFRICA LIMITED,"2,947,435.57600","924,878.67200",,,,,,,,,,,,,,,,,,,,,
SHIV,QWAY LIMITED,"2,273.60000","145,719.20000",,,,,,,,,,,,,,,,,,,,,
SHIV,RAI PLYWOODS (KENYA) LIMITED,,,,,"29,928.00000",,,,,,,"34,800.00000","-4,872.00000",,,,,,,,,,
SHIV,RELIABLE PACKERS LIMITED,,"1,211,144.00560","1,112,479.26600","1,526,296.11160","2,175,260.92560","1,226,609.17200","1,514,491.20340","1,808,482.24488","3,210,790.10928","532,102.59660",,,,,,,,,,,,,
SHIV,RELIANCE HOTELS LTD,,"70,325.00000",,,,,,"30,087.50000",,,,"29,870.00000","12,806.40000",,,,,"30,450.00000","30,450.00000",,,,
SHIV,RICHARD MUTISO DR,,,,,,,,,,,,,,,,,,,"43,200.00000","16,800.00000",,"12,024.89640","31,969.60000"
SHIV,S. C. JOHNSON & SON KENYA LIMITED,"169,360.00000","36,134.00000","87,580.00000","17,400.00000","15,970.30000","114,583.75600","86,350.40000","70,760.00000","122,310.40000","127,716.00000","105,025.24000","131,741.20000",,"1,714,335.00000","58,870.00000","96,976.00000","264,654.00000","40,020.00000",,,,,
SHIV,SAMONA PRODUCTS LTD,,"201,600.00000","344,652.00000",,,,,,,,,,,,,,,,,,,,
SHIV,SILAFRICA  KENYA LIMITED,,,"89,663.36000",,"-4,640.00000",,,,,"125,544.48000","554,431.28000",,,,,,,,,,,,
SHIV,SOLVOCHEM EAST AFRICA LIMITED,"305,683.20000",,,,,,,,,,,,,,,,,,,,,,
SHIV,SOUS CHEF LTD,,,,,,,,,,,,,,,,,"111,626.80000",,,,,,
SHIV,SPALLIC TRADE LABELS,"8,120.00000","4,176.00000",,"8,120.00000","8,120.00000",,"8,120.00000","19,952.00000","7,803.32000",,"8,412.32000","8,352.00000","7,714.00000",,,,,,,,,,
SHIV,STARLAND MINERAL WATER,,,,,,"222,958.56000","77,939.61000",,,,"37,298.80000",,"161,530.80000",,"351,748.80000","176,114.00000","480,716.40000",,,,,,
SHIV,SUNKIST BAKERY LIMITED,,,,,,,,,,,,"97,010.56800","3,041.30000",,,,,,,"502,982.28760",,,
SHIV,SUNTORY BEVERANGE & FOOD KENYA,"1,325,740.80000","517,104.80000",,"252,439.20000","270,419.20000","1,070,540.80000",,"733,639.68000","262,378.08000","385,500.48000",,,,,,,,,,,,,
SHIV,SUPERSLEEK LIMITED DR,"189,534.72000","1,768,872.40000","317,229.28320","745,924.08000","219,567.12000","460,592.26800","839,794.52800","275,648.48000","303,363.20000",,"329,786.14400","884,500.00000","1,043,703.04000","2,040,319.35443","1,125,876.28000","42,424.10000","167,411.20000","338,715.36000","979,527.20000","169,503.84000",,"433,833.62000","683,444.16000"
SHIV,T.M.ABDULHUSEIN & SONS,"255,126.31680","157,574.63200","685,755.16652",,"632,526.77200","-3,563.52000","540,875.52000","92,707.20000","604,726.56000",,"324,800.00000","639,596.16000",,"539,650.56000",,,"611,686.56000","-3,340.80000","565,750.56000","272,720.64000","331,059.36000","-12,068.64000","501,558.48000"
SHIV,TAIFA IMPORTS LIMITED-DR,"75,613.44000",,"3,248.00000",,"106,278.04000",,,"15,683.20000",,,,,"82,151.20000","1,716.80000",,,"3,108.80000",,"2,923.20000","71,316.80000","13,641.60000",,"3,897.60000"
SHIV,TANGA PHARMACEUTICAL & PLASTIC,"11,736,343.31538","13,323,063.16656","11,002,827.10086","23,527,040.71200","11,880,221.61756","6,759,789.38496","9,590,089.24589","7,350,707.57152","16,392,654.16436","7,994,791.31218","9,768,181.02008","11,022,070.38228","6,473,625.28155","10,434,721.87712",,,,,,,,,
SHIV,TECHPAK INDUSTRIES LIMITED,"3,006,868.22480","148,996.13040",,,,,,,,,,,,,,,,,,,,,
SHIV,TIMSALES LIMITED,,,,,,,,,,,,,,,,,,,,"11,600.00000",,"85,492.00000",
SHIV,TOTAL KENYA LIMITED DR,"4,296,947.34896","1,806,616.09488","1,922,972.80532","1,842,340.05460","2,665,887.85344","3,338,497.18060","3,771,687.59584","4,683,916.59080","10,335,802.37592","8,983,835.46722","8,371,702.54529","9,363,805.80221","6,434,953.86426","7,637,613.52672","6,981,595.99608","7,364,299.07924","5,571,743.67264","1,312,515.21136",,,,,
SHIV,TRI-CLOVER INDUSTRIES LIMITED,"2,412,297.75480","3,028,761.16000","667,863.04000","1,560,561.92000","706,082.72000","87,000.00000","298,781.20000","25,659.20000",,,,"73,404.80000","41,760.00000","98,484.00000","121,104.00000",,"185,600.00000",,"193,140.00000","230,932.80000","60,900.00000","154,164.00000","330,630.62400"
SHIV,TRIDEA COSMETICS,,"188,228.12400","346,575.09600",,,,,,,,,,,,,,,,,,,,
SHIV,ULTRA CHEMICAL INDUSTRIES LTD,"185,136.00000",,,,,,,,,,,,,,,,,,,,,,
SHIV,Ultravetis E.a. Limited,"60,279.40000","29,000.00000",,,,,,,,,,,,,,,,,,,,,
SHIV,UNIFILTERS KENYA LIMITED,,,"18,838.40000",,,,"9,744.00000","6,496.00000","32,480.00000",,974.40000,,,,,,,,,,,,
SHIV,VAJAS MANUFACTURERS LIMITED,"43,616.00000",,,,,,,,,,,,,,,,,,,,,,
SHIV,VICTORIA JUICE CO LIMITED,"475,955.99240","292,701.23400",,,,,,,,,,,,,,,,,,,,,
SHIV,VIRO LOCKS (K) LTD,,"5,104.00000",,,,"36,103.84000",,"6,960.00000",,,,,,,"23,200.00000",,"1,164.64000",,,,,,
SHIV,WEETABIX EAST AFRICA LTD,,,,,,"167,933.20000",,,,,,,,,,,,,,,,,
SHIV,ZARA ENTERPRISES SRL,"1,138,914.00000","1,106,928.90000",,"1,209,611.20000","644,454.40000","1,047,843.84000","784,552.00000",,"1,124,938.81800","1,010,549.12400","2,624,546.40000","1,255,015.80000","433,692.00000","1,133,906.03120","1,119,563.12790",,"1,887,895.17280","332,436.90038",,,,,
SHIV,ZEIZU COMPANY LIMITED,,,,,"105,792.00000",,,"96,645.40000",,,,"125,529.40000",,"134,307.12000",,,,,,,,,
SHEENA,AFRICA FUTURE VENTURES LIMITED,,"19,950.84000","14,117.20000","13,664.80000","7,624.10000","6,093.59600","19,324.44000","26,108.70000",,"23,934.86000","9,802.00000","-5,469.39536","23,200.69600","24,783.40000",,"17,002.70000","13,603.90000","19,604.00000","7,607.28000","9,073.52000","6,843.42000",600.30000,
SHEENA,AFRIKANZ SQIN CARE,,,"13,340.00000",,,,,,,,,,,,,,,,,,,,
SHEENA,ALIMP GROUP LIMITED,,,,,,,,,,,,,,,,,,,,"8,319.98400",,,
SHEENA,ALPHA GAS APPLICATIONS EA LTD,,,,,,,,,"6,960.00000",,,,,,,,,,,,,,
SHEENA,ANAIS DESIGN/MARKET K. DAVID,,"80,225.60000",,,,,,,,,,,,,"78,926.40000",,,,,,,,
SHEENA,A-TECH LIMITED,,,,,,,,,,,,,,,,,,,,,,,962.80000
SHEENA,BIZMED  SOLUTION,,,,,,,,,,,,,,,,,,,"63,336.00000","97,440.00000","67,512.00000",,
SHEENA,BLEND AFRICA LTD,,,,,,,,,,"43,870.04000",,"31,934.80000","15,080.00000",,"9,280.00000",,,,,"4,640.00000",,"13,920.00000",
SHEENA,BRANDED BEVERAGES AND FOODS LI,"2,320.00000",,,,,"8,611.84000","7,163.00000",,,,,,,,,,,,,,,,
SHEENA,CAFFE DEL DUCA LIMITED,,,,"30,914.00000","5,684.00000",,,,,,,,,,,,,,,,,,
SHEENA,CARTON MANUFACTURERS LIMITED,"16,095.00000",,,"15,428.00000","2,088.00000",0.00000,"40,025.80000",,"15,631.00000",,"25,743.30000",,"15,120.60000",,,"6,380.00000","15,950.00000",,"12,441.00000",,"29,411.80000",,
SHEENA,CENTRAL PARK BEES KENYA,,,,"12,245.19200",,"5,800.00000","9,959.76000","13,920.00000","5,800.00000",,,,,,,,,,,,,,
SHEENA,CENTRAL PARK BEES LIMITED,,,,"60,320.00000",,"6,264.00000","3,654.00000",,"109,891.44000",,"-6,264.00000",,,,,,,,,,,,
SHEENA,CHAIIWALI CAFE,,,,,,,,,,,,,,,,,,,,"7,540.00000",,,
SHEENA,CITIQUEST,,,,,,,,,,,,,,,,,,,"8,700.00000","14,212.32000",,,
SHEENA,CLIQUE LIMITED,"49,300.00000","34,800.00000","127,600.00000",,"60,900.00000","50,170.00000","13,630.00000","95,700.00000","55,100.00000","46,400.00000","76,560.00000","72,500.00000","46,400.00000","60,900.00000","31,897.68000","54,670.80000","30,450.00000","18,850.00000","98,890.00000","46,037.50000","66,700.00000","91,348.84000",
SHEENA,COOPER UNIFORM,,,,,,,,,"97,885.44000","226,005.12000",,,,,,,,,"204,160.00000","11,136.00000",,,
SHEENA,DAWA LIMITED,,"242,596.16000",,"340,322.08000","264,277.60000","542,158.08000","-60,714.08000","464,000.00000",,,,,,,"-224,000.00000","-16,000.20000",,,,"44,100.30000",,,
SHEENA,DECATHLON SPORTS KENYA LIMITED,,,,,,,,"7,516.80000",,,,,,,,,,,,,,,
SHEENA,DEW POINT NATURALS,,,"35,623.60000",,,,,,,,"10,440.00000","4,872.00000",,"27,236.80000","3,480.00000",,,,"7,667.60000","1,461.60000",,,
SHEENA,DOMAINE KENYA LIMITED,,,"4,106.40000","13,398.00000",,,,,"10,440.00000",,,,,,,,"23,432.00000",,,,"29,095.12000",,
SHEENA,DOODLE BOX LIMITED,,,,,,"2,552.00000",,,"12,760.00000",,,,"7,308.00000",,,"16,240.00000","12,760.00000",,,,,,
SHEENA,DORMANS COFFEE LIMITED,,,,,"84,468.88000","8,537.60000","29,454.72000",,,,"30,948.80000","153,623.44000",,,"42,688.00000",,,,"68,941.12000","5,336.00000","26,680.00000",,
SHEENA,EAT N GO LIMITED,,"55,680.00000",,,"40,600.00000",,"35,781.82400",,,"39,382.00000",,,"39,511.92000","92,005.40000",,,"28,420.00000",,,,,,
SHEENA,ECOZYM LIMITED,"55,217.16000",,"53,720.76000","10,022.40000","49,919.20800",,"71,467.36800","31,441.80000","32,964.88000","10,523.52000","13,848.08000",,"53,087.40000","19,049.52000","44,415.24000","10,022.40000","46,765.40000",,"24,046.22000",,"10,022.40000",,
SHEENA,FINSBURY TRADING LTD,,,,,"11,234.60000","53,104.80000","72,941.96000","176,789.80000","2,718.34400","8,143.20000",,,,,"7,389.20000",,"4,976.40000",,,,,,
SHEENA,FLORENZA LIMITED,"10,579.20000","25,313.52000",,,"17,075.20000","1,844.40000","22,076.19200","21,984.83040","29,654.24000","6,171.20000","15,123.15200","23,246.40000","18,464.41600","25,210.04800","13,298.24000","19,144.06000","32,619.20000","2,204.00000","4,408.00000","19,638.80000","24,253.28000","4,420.52800",
SHEENA,GABBY AND KASS LIMITED,,,,,,,,,,,,"12,180.00000",,,,,,,,,,,
SHEENA,GADENIA FOODS ENTERPRISES,,,,,,,,,,,,,,,,,,,,"28,188.00000",,,
SHEENA,GALAXY PAINTS AND COATINGS LIMITED,,,,,,,,,,,,,,,,,,,,,"51,799.80000",,
SHEENA,GENERICS AFRICA LIMITED,,,,,,,"17,400.00000",,,,,,,,"51,620.00000",,,"16,240.00000","19,140.00000","17,400.00000",,,
SHEENA,HEALTHY KAJUJU,,,,,,,,,,,,,,,,,,,"6,960.00000",,,,
SHEENA,HIGHLANDS DRINKS LIMITED,,,,"-39,705.63768",,,,,,,,,,,,,,,,,,,
SHEENA,IMPALA AUTO SPARES LTD,,"1,134.36400","2,427.99600","4,256.15600",,,,,,,,,,,,,,,,,,,
SHEENA,ITALIAN GELATI & FOOD PRODUCTS LTD,,"70,760.00000",,,,,,"255,223.20000",,,"172,928.16000",,"114,608.00000",,"91,245.60000",,,,,,,,
SHEENA,IZYCUT LABELS,,,,,,"3,445.20000",,,,,,,,,,,,,"17,991.60000","5,052.96000","76,177.20000",,
SHEENA,JANI COSMETICS KENYA LTD,,,,,,,,"46,690.00000","59,097.36000","47,240.53600","4,019.40000","26,395.80000",,"60,453.86400","30,577.60000","26,528.04000","400,895.76800","45,255.08000","97,793.80000","55,099.30400","95,935.01600","138,040.00000",
SHEENA,JONAS FOOD COMPANY LIMITED,,"13,050.00000",,,,"13,050.00000",,,,,,,,,,,,,,,,,
SHEENA,JUBILEE TISSUE INDUSTRIES LIMITED,,,,,,,,,,,"26,535.00000",,,,,,"27,283.20000",,"19,720.00000",,"29,000.00000",,
SHEENA,JUMBO SPICES,,"871,160.00000","151,152.64000","68,386.17600","18,783.21990",,,,,,,,,,,,,"230,700.80000",0.00000,,,,
SHEENA,KAREMANO LIMITED,,"22,411.20000",,,,,,,,,,,,,,,,,,,,,
SHEENA,KATHY'S FRESH LTD,,,,,,"153,120.00000","4,408.00000","87,812.00000","4,640.00000","153,410.00000","81,617.60000",,,"10,208.00000",,,,,,,,,
SHEENA,KAWSAR AUTO SPARES LTD,"2,053.20000","2,679.60000",,,,,,"4,350.00000",,,,,,"11,484.00000","3,480.00000",,,,,,,,
SHEENA,KENPOLY MANUFACTURERS LIMITED,,,"435,449.58120","931,419.23920","1,014,585.98440","855,479.56080","589,768.82400","1,200,168.09720","1,048,934.05280","1,596,124.27200","1,659,251.13560","292,458.27200","2,027,798.36640","1,584,100.77920","1,365,867.16040","756,082.58280","795,342.37720","669,651.89920","815,501.46000","710,868.64800","332,945.01200","250,526.12800",
SHEENA,KENYA SWEETS LIMITED,,"5,419.52000","28,988.40000",,,"22,997.00000","11,919.00000",,,,,,,"5,568.00000",,,,"6,960.00000",,,"11,333.20000",,
SHEENA,KEYMEDIA AGENCY LTD,,"184,241.00000","109,789.50400","92,760.00000","49,375.40000","117,621.68000","305,977.52000","83,390.89200",,"225,493.00000","80,000.00000","75,296.00000","131,031.00000","160,077.00000","41,051.47200","107,092.50000","203,687.00000","134,341.94400","9,000.00000","138,957.00000","80,215.00000",,
SHEENA,LAKE GAS LTD,,,,,,"37,300.96000",,,,,,,,"51,334.68640",,,"77,256.00000",,,,,,
SHEENA,LAKI LAKI LTD,,,"341,134.65600","9,604.80000",,"315,762.42840","381,403.88200","242,864.44400","442,731.63200",,"206,074.58000","100,917.68000","463,829.59600","206,664.09200","113,842.77120","248,538.52600","402,788.42400","179,904.69000",,,,,
SHEENA,MALACHITE LIMITED - DR,"928,783.69600","1,137,898.23000","1,795,319.24000","1,817,829.38800","1,450,891.22800","2,303,580.03760","1,584,951.38400","2,098,313.38600","1,209,127.80960","1,451,554.86400","1,730,523.49600","1,089,850.80960","2,133,535.85800","837,045.04960","2,111,896.48720","1,191,074.71800","695,417.91200","2,899,712.01840","2,065,843.18800","1,399,678.50400","1,344,497.51280","1,927,706.96600",
SHEENA,MART NETWORKS KENYA LIMITED,"8,007.82800",982.05600,,,,,,117.62400,"11,600.00000","12,728.79600",,"1,191.55200",0.34800,"13,477.69200",,226.54800,,"4,828.84800","5,918.08800","9,087.67200",,,
SHEENA,MEDISEL (KENYA) LIMITED,,,,"35,102.25000","35,526.60000","474,166.30000","51,162.00000","67,725.00000",,"-16,275.00000","24,838.50000","9,788.20000","16,500.00000","37,500.00000",,"-8,338.50000",,"570,778.40000","94,455.90000","-44,100.30000",,"41,947.92000",
SHEENA,MIA WINES & SPIRITS INTERNATIONAL,,,,,,,,,"18,801.28000",,,,,,,,"5,167.80000",,"96,894.80000",,,,
SHEENA,MOGAS KENYA LIMITED,,,,,,,"26,100.00000",,,,,,,,,,,,,,,,
SHEENA,MOGAS TANZANIA LIMITED,"3,075,061.50000","113,097.60000",,,"1,685,600.00000","2,451,023.36000",,"1,510,099.00000","1,681,009.53600","1,639,563.27600","2,535,727.19400","784,336.01760","4,367,723.85000","102,828.80000","2,433,206.30960","2,436,257.02320","630,578.26260","2,389,075.29146",,,,,
SHEENA,NABICO ENTERPRISES LIMITED,"25,572.08400","20,177.38800","4,959.46400","6,390.20800","17,523.19200","44,993.84800","32,742.62400","138,756.88000","27,155.83200","8,603.72000","1,692.67200","52,071.00800","1,297.34400","52,902.26400","1,729.56000","12,645.62400","14,397.22400","30,997.05600","24,011.30400",102.08000,"31,262.69600","21,384.36800",
SHEENA,NAIBERI RIVER CAMPSITE & RESORT LTD(CINEMA),,,,,,,"41,760.00000",,"5,800.00000",,,,,,"46,458.00000",,,,,,,,
SHEENA,NAIROBI TOYS HOUSE (K) LTD,,,,,,,,,,870.00000,,,,,,,,,,,,,
SHEENA,NESTLE KENYA LIMITED,,,,"86,594.00000","115,025.60000","197,287.00000","173,396.80000","285,177.88000","98,153.40000","587,417.04000","3,480.00000","76,212.00000","203,222.72000","448,688.00000","17,690.00000","239,407.76000","313,920.36000","306,163.44000",,,,,
SHEENA,NIA DIMANI ENTERPRISES,,,,"5,800.00000",,,,,,,,,,,,,,,,,,,
SHEENA,OFFSHORE LOGISICS LIMITED,,,,,,,,,,,,,,"31,274.76000","14,774.68800",,,,,,,,
SHEENA,ONE ACRE FUND,,,,"2,755.00000","172,040.99200","1,102.00000",,,,,,,,,,,,,,,,,
SHEENA,PICKED & PACKED FRESH PRODUCE LIMITED,,,,,,"19,488.00000","90,433.60000","136,102.80000",,"83,798.40000","4,640.00000","90,288.20000",,"45,796.80000",,,,,,,,,
SHEENA,POWER CONTROLS LIMITED.,"5,220.00000",,,,,,,,,,,,,,,,,,,,,,
SHEENA,PRADIP ENTERPRISES (EA) LTD,"4,234.00000","128,180.00000","434,516.28000","41,307.60000","27,722.84000","335,646.00000","91,176.00000","2,088.00000","109,272.00000","128,162.60000","319,348.00000","6,090.00000",,"14,442.00000","67,094.40000","66,508.60000","15,312.00000","37,236.00000","720,012.00000","449,766.80000","294,350.00000","261,000.00000",
SHEENA,PRINT KNIGHT LIMITED,,"720,643.04000","21,163.27200",,,,,,,,,,,,,,,,,,,,
SHEENA,QIAS PRODUCE,,,,"22,399.60000",,,"4,072.99200",,,,,,"22,643.20000",,"4,060.81200",,,,,,,,
SHEENA,RAINFOREST FARMLANDS KENYA PUBLIC LIMITED COMPANY,,,,"-13,920.00000","66,990.00000",,"72,210.00000","28,582.40000","44,660.00000","76,687.60000","53,592.00000","25,520.00000","114,329.60000","15,950.00000",,,,,,,,,
SHEENA,READY BELLY LIMITED,,"23,218.56000","1,728.86400",918.72000,623.61600,,771.16800,,,940.06400,"1,227.28000",,"23,856.09600",,,989.24800,,,,906.65600,,,
SHEENA,REX INTERNATIONAL LTD,,,"3,132.00000",,,"12,876.00000",,,,,"3,654.00000",,,,,,,"9,744.00000",,,,,
SHEENA,RINZ PRODUCTS LIMITED,,,,,,,,,,,,,,,,,,,,,"73,752.80000",,
SHEENA,ROBBINS EAST AFRICA LTD,,,,,,,,,,,,,,,,,,,"5,510.00000",,"4,176.00000",,
SHEENA,ROSETO LIMITED,"6,333.60000","20,566.33600",,"12,667.20000","21,483.20000","-69,307.68000","24,076.96000","-11,298.40000","10,741.60000","12,667.20000","76,601.76000","12,646.32000","39,074.60000","-64,897.36000","45,588.00000","4,895.20000","26,680.00000","26,680.00000","26,680.00000","1,113.60000","40,020.00000",,
SHEENA,ROSHNI DISTRIBUTORS LIMITED,,"13,920.00000","281,044.10400","29,580.00000","166,163.04000","91,350.00000","53,452.80000","129,177.60000","82,754.40000","50,529.60000","83,520.00000","189,069.79200","27,840.00000","330,934.08000","34,104.00000","97,440.00000","56,727.48000","147,726.00000","42,551.70000",,"187,112.64000","69,600.00000",
SHEENA,ROYAL SNACKS LTD,"246,766.80000","12,180.00000",,"186,825.48200",,"139,217.40000",,"1,044.00000","304,580.96800","24,360.00000","11,912.04000","148,596.00000","72,592.80000","107,732.10000",,"122,165.40000","43,848.00000","210,399.75600","7,308.00000","151,251.24000",,,
SHEENA,RUPAS,,,"14,616.00000",,,"10,440.00000",,,"-10,440.00000",,,,,,0.00000,,,,,,,,
SHEENA,SABIHAH OILS LIMITED,,,,,,,,,,,,,,,,,,"32,480.00000",,,,,
SHEENA,SANGYUG ENTERPRISES LTD DR,,,,,,,,,"63,013.40400",,"6,106.87800",,,"105,938.33400",,,,,,,,,
SHEENA,SERENITY SPA LTD,"50,436.80000","22,712.80000","73,439.60000","429,542.20000","12,815.10000","133,113.19000","11,269.40000",,,,,,,,,,,,,,,,
SHEENA,SIERRA FLORA LIMITED,"20,520.40000","20,601.60000",,"21,483.20000","17,632.00000","-65,338.16000","20,601.60000","30,218.00000",962.80000,"11,704.40000","3,851.20000","21,483.20000","20,520.40000","24,476.00000","35,542.40000","11,136.00000","48,952.00000",,"20,978.36800","18,908.00000","15,544.00000","17,794.40000",
SHEENA,SIX SQUARE LIMITED,,,"5,278.00000",,,,,,,,,,,,,,,,,,,,
SHEENA,SOUTH LEMON LIMITED,"130,467.52000","83,770.56000","369,530.76000","76,789.68000","232,763.28000","4,640.00000","206,886.00000","144,959.40000","155,904.00000","257,549.00000","179,370.80000",,"296,235.00000","68,092.00000",,"289,384.04000",,,"127,600.00000","287,825.00000","191,806.00000","17,400.00000",
SHEENA,SOYS LIMITED,,"16,605.86400","11,112.33600",,"21,359.89200","3,069.36000","10,856.44000","24,495.37200","3,208.56000","4,064.64000",,"7,701.93600",,"12,760.00000","6,380.00000","7,675.14000",,"8,012.00400","32,441.02400","11,106.76800",,,
SHEENA,TANIA EAST AFRICA LTD DR,"12,644.00000",464.00000,"11,600.00000","46,295.60000","81,234.80000","48,975.20000","24,930.00000",,,"37,120.00000","43,935.00000","75,794.98000","11,934.08000",,"3,480.00000","43,401.40000",,"13,340.00000","35,078.40000",,"17,864.00000","6,960.00000",
SHEENA,TAWI NATURAL LIMITED,,,,,,,,,"16,936.00000",,,,"15,660.00000",,"11,600.00000","32,224.80000",,,,"7,482.00000","30,600.80000",,
SHEENA,THE CHOCOLATE BAR LIMITED,"17,400.00000",,,,,,,"36,569.00000","9,512.00000",,"44,080.00000",,,,,,,,,,,,
SHEENA,TOP FOOD LIMITED,"649,530.40000","347,541.80000","412,951.88000","146,733.62000","95,654.69040","586,647.68160","388,351.18000","180,621.62800","387,800.00600","380,709.73800","500,551.18240","742,866.55200","579,968.58720","232,111.65000","469,869.13600","198,803.99000","540,037.13000","324,810.39360","522,623.56960","440,484.88600","267,585.32000","18,183.00000",
SHEENA,TULIVU GARDENS LIMITED,,"17,864.00000",,,"19,488.00000","6,496.00000","6,264.00000","9,396.00000","29,232.00000","41,412.00000",,,,,"66,816.00000",,,,,"77,256.00000",,,
SHEENA,TYPSY GENERAL SUPPLIES,"449,140.40000",,"213,150.00000","465,473.20000","388,446.88000","130,743.60000","769,845.60000","199,810.00000","364,112.40000","-112,786.80000",,,"140,940.00000","64,414.80000",,"111,360.00000","169,496.41600","589,570.00000",,,,,
SHEENA,VIVA GLOBAL LIMITED,"34,891.87200","36,899.13600","103,987.04000","64,295.08800","27,002.01600","40,969.34400","174,058.00000","37,015.13600","21,554.65600",306.24000,"123,406.60000","27,474.36800","28,591.68000","28,068.28800","121,378.68800","51,686.35200","11,002.36800","41,634.72000","39,125.40800","90,722.20800","153,493.98400",,
SHEENA,VIVO ENERGY KENYA LIMITED,,,,,,,,,,,,,,,,,,,208.80000,"15,605.48000","-48,791.92000","128,345.07032",
SHEENA,WARIDI PACKAGING ENTERPRISES,,,"10,904.00000","20,880.00000",,,,"54,322.80000","8,526.00000","5,916.00000","6,786.00000","40,542.00000",,,,"3,480.00000","6,960.00000","3,480.00000","6,612.00000","5,568.00000",,"13,920.00000",
SHEENA,WESTLANDS TRADING LIMITED,"61,596.00000","21,576.00000","-9,744.00000","50,320.80000","63,684.00000","39,328.64000","5,220.00000","8,978.40000","7,656.00000","13,688.00000","35,565.60000","9,396.00000","17,307.20000","69,880.72000","81,682.56000",,,,,,"-4,176.00000",,
SHEENA,X-CENTRIC LIMITED,"4,002.00000",,"2,494.00000","5,800.00000","8,468.00000","9,860.00000","9,280.00000","6,380.00000","11,252.00000","18,560.00000","3,480.00000",,"17,052.00000","9,280.00000","26,216.00000","27,144.00000","29,116.00000","8,120.00000",,"2,320.00000","3,480.00000","15,080.00000",
SHEENA,YEMKEN TRADING COMPANY LIMITED,,,,,,,,"178,176.00000",,"66,125.80000","72,384.00000",,,,,,"188,755.20000",,,,,,
SHEENA,ZD INDUSTRIES LIMITED,,,"101,384.00000",,"19,070.40000","16,704.00000","50,854.40000","22,884.48000","33,319.84000","141,766.66240","44,737.48800","30,814.24000",,"32,112.04800","23,872.80000","80,995.84000","186,570.68800",,"38,114.12000","175,208.72000",,,
ROBERT,CLEANSYSOAPS QUIJO SUPPLIERS,,,,,,,,,,,,"10,208.00000",,,,,,,,,"10,208.00000",,
ROBERT,KENTASTE PRODUCTS,,,,,,,,,,,,,,,,,,,,,,,"18,096.00000"
ROBERT,TERRESTIA FOODS LTD,,,,,,"4,640.00000",,,,,,,,,,,,,,,,,
RACHAEL,ALPHA BREEZE ENTERPRISES,,,,,,,,,,,,,,"111,824.00000","210,477.36000","234,992.80000","144,197.28000","142,329.68000","363,237.76000","301,112.80000","388,639.44000","595,103.20000",
RACHAEL,ALPHA GAS APPLICATIONS EA LTD,,,,,,,,,,,,,,,,,,,,"9,061.92000","1,006.88000",,
RACHAEL,AMAPE LIMITED,,,,,,,,,,,"34,094.72000",,,,,,,,,,,,
RACHAEL,BEECARE APIARIES INTERNATIONAL LTD,"87,001.16000",,,,,"128,865.56000",,"50,112.00000",,"122,345.20000",,,"54,694.00000",,,"103,358.32000",,,,"78,300.00000",,,
RACHAEL,BY CHOICE VENTURES LTD,,,,,,,,,,,,,,,"13,920.00000",,,,,,,,
RACHAEL,CHANDARIA INDUSTRIES LTD,"37,312.74000",,,,,,,,,,,,,,,,,,,,,,
RACHAEL,CIRCULARITY SPACE LTD,,,,,,,,,,,,,,,,"9,280.00000",,,,,,,
RACHAEL,CITIQUEST,,,,,,,,,,,,,,"17,400.00000",,,,"5,568.00000",,,,,
RACHAEL,DHL EXEL SUPPLY CHAIN KENYA LTD,"233,450.00000",,"101,530.16000","12,550.33000","406,240.99000","139,509.43000","136,972.80000","178,717.72000",,,"104,980.00000",580.00000,,,,,,,,,,,
RACHAEL,DKT HEALTHYCARE INTERNATIONAL LTD,,"584,640.00000",,,,,,,,,,,,,,,,,,,,,
RACHAEL,EAT N GO LIMITED,,,,,,,,,,,,,,,,,,,,"24,360.00000",,,
RACHAEL,GENERIC BRANDS LTD,,,,,,,,,,,,,,,,,"104,400.00000","46,400.00000","92,800.00000",,,,
RACHAEL,GOLDEN DIAMOND AQUIFERS,,,,,,,,,,"102,216.88000",,,,,"93,461.20000",,,,"44,660.00000",,,,
RACHAEL,HASANAT VENTURES LTD,,,"17,469.60000",,"17,469.60000",,,"13,920.00000",,"17,469.60000","17,469.60000",,"24,429.60000",,"17,469.60000","17,469.60000","15,149.60000",,,,,,
RACHAEL,HEALTHY KAJUJU,,,"31,215.60000",,,,,,,,,,,,,,"24,116.40000",,,,,,
RACHAEL,HOUSE OF BOOCH,,,,,,,,,,,,,,,,,,,"38,361.20000",,,"36,888.00000",
RACHAEL,IDEAL MANUFACTURING COMPANY LIMITED,,,,,,,,,,,,,,,,,,,,,"14,152.00000",,
RACHAEL,IMAGE QUEST,"10,022.40000",,,,"5,011.20000",,,,"5,011.20000",,,,,"5,011.20000",,,,,,"5,011.20000",,,
RACHAEL,IMPACT CHEMICALS,,,,,,,,,,,,,,,,,,,,,,"82,719.60000","40,124.40000"
RACHAEL,KAKIS COMPANY LIMITED,,,,,,,,,,,,,,,,"70,992.00000","32,712.00000",,,,,,
RACHAEL,KAMBAZE CHILI OIL LTD,,,,,,,,,,,,,,,,,"9,860.00000",,,,,,
RACHAEL,KENYA NUT COMPANY LIMITED,,,,,,,,,,,,,,,,,,"8,126.96000",,,,,
RACHAEL,LOHMAN CHEMICALS & SOLVENTS LTD,,,,,,,,,,,,,,,,,,"10,672.00000","3,596.00000",,"5,800.00000",,
RACHAEL,LUFION MANUFACTURERS,,,,,"20,880.00000",,,"33,176.00000",,"31,088.00000","25,056.00000",,"29,440.80000","19,998.40000","4,292.00000","19,070.40000",,"18,676.00000",,,,,
RACHAEL,MAJIC LEAN,,,"34,800.00000","35,960.00000",,,,,,,,,,,,,,,,,,,
RACHAEL,MAJID AL FUTTAIM,,,,,,,,,,,,,,,,,,,,,"510,898.80000","470,936.80000",
RACHAEL,METAL CROWN,,,,,,,,,,,,,,"107,829.65600","154,836.80000",,"109,040.00000","207,176.00000",,,,,
RACHAEL,METAL CROWN (T)LTD,,,,,,,,,,,,,,,"53,443.12400",,,,,,,,
RACHAEL,PARDIP KANDA SURI (DEEP SURI),,"4,060.00000",,,,,,,,,,,,,,,,,,,,,
RACHAEL,PAUL OCHIIENG FOILS,,,,,,,,,,,,,,,,"6,960.00000",,,,,,,
RACHAEL,PLANT POWER NUTRITION CO.LIMITED,,,,,,,,,,,,,,,,,,"25,520.00000",,,,,
RACHAEL,POLMERK INDUSTRIES LIMITED,,,,"43,500.00000","21,715.20000","22,620.00000",,,"22,620.00000","22,620.00000","22,620.00000",,,,,"102,312.00000",,,,,"47,502.00000","21,715.20000",
RACHAEL,RAINFOREST FARMLANDS KENYA PUBLIC LIMITED COMPANY,"102,080.00000",,,,,,,,,,,,,,,,,,,,,,
RACHAEL,REFRESHING SPRINGS LTD,,,,,,,,,,,,,,,,,,,"55,709.00000","8,120.00000",,,
RACHAEL,RELIABLE PACKERS LIMITED,,,,,,,,,,"2,116,354.95764","3,974,966.82640","2,040,958.40980","2,503,265.63920","6,002,737.17880","2,350,439.88480","4,142,366.78600","1,750,059.20216","3,021,054.21280","4,392,204.98760","1,863,433.44252","2,079,979.64400","1,826,204.30078","1,930,938.38960"
RACHAEL,RINZ PRODUCTS LIMITED,"5,846.40000","73,080.00000","141,931.80000",,"78,431.08000","134,884.80000","234,211.42400","46,519.71200","14,283.77600","73,381.60000","215,052.40000","30,716.80000","-25,496.80000",,"3,085.60000","106,529.76000","-4,222.40000",,,,,,
RACHAEL,ROBBINS EAST AFRICA LTD,,"2,088.00000","2,046.24000",,"2,088.00000",,"2,088.00000","2,088.00000",,"4,176.00000","2,088.00000","2,088.00000",,"5,034.40000","2,088.00000",,,"3,132.00000",,,,,
RACHAEL,SAMUEL GICHEHA,,,,,,,,,,,,,,,,,,,,"29,000.00000",,,
RACHAEL,SCORELINE COMMUNCATIONS LIMITED,,"44,910.56000",,,,,,,"29,000.00000",,,,,,,,,,,,,,
RACHAEL,SOFTQUE COMPUTERS AND PRINTING,,,,,"33,060.00000",,,,,,,,,,,,,,,,,,
RACHAEL,SOLAR PANDA KENYA LIMITED,,,,,,,,,,,,,,"12,528.00000","9,744.00000",,"2,784.00000",,,,,,
RACHAEL,STEFLO MANAGEMENT LIMITED,,,,,,,,,,,,,,,,,,,,"48,000.80000",,,
RACHAEL,STEPA HOLDINGS LIMITED,,,,,,,,,,,"26,912.00000",,,,,,,,,,,,
RACHAEL,TAYEB DISTRIBUTION LIMITED,,,,,"8,120.00000",,,406.00000,,,,,,,,,,,,,,,
RACHAEL,UNIFILTERS KENYA LIMITED,,,,,,,,,,,,,,"15,265.60000","25,375.00000","97,393.60000",,,"14,214.64000","17,381.44000","44,741.20000",,
RACHAEL,VODA MANUFACTURES LIMITED,,"355,674.56000",,,,"-104,400.00000",,,,,,,,,,,,,,,,,
RACHAEL,WATANYHALAL PRODUCTS LIMITED,,,,,,,,,"7,482.00000",,,,,,,,,,,,,,
RACHAEL,YANA OIL LIMITED,"10,440.00000",,,,,,,,,,,,,,,,,,,,,,
RACHAEL,YOPLAN BRANDS LTD,,,,,,,,,,,,,,,,,,,,"5,475.20000",,"24,360.00000","194,230.40000"
RACHAEL,ZAIM LIMITED,,,,,,,,"50,112.00000",,"9,744.00000",,,,,,,,,,,,,
PETER KATU,ABYSINIA LIMITED,,,,,,,,,,,,,,,,,,,,,,,"21,460.00000"
PETER KATU,AFRIKANZ SQIN CARE,,,,,,,,,"74,820.00000","94,516.80000","4,083.20000",,,,,,,,,,,,
PETER KATU,AGRISCOPE AFRICA LIMITED,,,,,,,,,,,,,,,,,,,,,,,"63,298.88000"
PETER KATU,AMIYO FARMS,,,,,,,,,,,,,,,,"21,356.99200",,,,,"19,880.54400",,
PETER KATU,AQUAVIST PREMIUM WATER LIMITED,,,,,,,,,,,,"60,552.00000",,,,,,"23,200.00000","76,977.60000","11,814.36800",,,
PETER KATU,ASPENDOS DAIRY LTD,,,,,,,,,,,,,,,"101,500.00000",,,,,,,,
PETER KATU,BLUE RING PRODUCTS LTD,,,,,,,,,,,,,,,,,,,,"123,841.60000","119,108.80000",,
PETER KATU,CHEKALYN PRIME ENTERPRISES LTD,,,,,,,,,,,,,,,,,,,"11,030.61168","13,609.30560","1,684.32000",,
PETER KATU,COUNTRY MEAT PRODUCTS LIMITED,,,,,,,,,,,,,,,"5,800.00000",,,,,,,"11,600.00000",
PETER KATU,CREST FOODS PROCESSORS LTD,,,,,,,,,,,,,,,,,,,,,"56,422.40000",,
PETER KATU,DEMKA DAIRY LTD,,,,,,,,,"530,073.60000","1,292,054.40000","1,711,696.00000","1,639,915.20000","1,775,194.40000","1,173,340.00000","311,970.40000","869,652.00000","1,228,556.00000","1,187,144.00000","380,990.40000","2,396,374.40000","2,222,444.00000","2,719,388.00000","1,700,652.80000"
PETER KATU,DESIGN PERFECTION PRODUCTS LTD,,,,,,,,,,,,,,,,,,,,"52,501.60000","65,921.40800",,
PETER KATU,DEVANI LIMITED,,,,,,,,,"7,006.40000","49,896.24000",,,,,,,,,,,,,
PETER KATU,DIEMOULD MACHINERY PRODUCT LTD,,,,,,,,,"2,366.40000",,,,"10,648.80000",,,,,,,,,,
PETER KATU,EASTNAT LIMITED,,,,,,,,,,"20,537.80000","9,280.00000",,"25,520.00000",,,,,,,,,,
PETER KATU,ECOFIX (K) LIMITED,,,,,,,,,"25,520.00000",,,"27,840.00000",,,,"55,680.00000","114,144.00000","1,856.00000","162,325.76000",,,,
PETER KATU,ELEGANT PRINTING WORKS LIMITED,,,,,,,,,,,,,,,,,,"148,480.00000",,,,,
PETER KATU,ELIMU SHOP LIMITED,,,,,,,,,,,,,"4,071.60000",,,,,,,,,,
PETER KATU,ELKEIYO DAIRIES LIMITED,,,,,,,,,,,,"11,878.40000","193,172.48000","47,513.60000",,"-47,513.60000",,,,,,,
PETER KATU,FAMPRO DAIRIES LIMITED,,,,,,,,,,,,"14,198.40000","311,715.20000","256,476.00000","126,324.00000",,"10,648.80000",,,,,,
PETER KATU,FARMING SOLUTIONS LIMITED,,,,,,,,,"225,643.20000","147,001.00000","72,662.40000",,"422,699.36000","544,341.60000","391,384.00000","513,207.20000","409,665.60000","165,923.50000","478,384.00000","217,500.00000",,"378,484.80000","220,400.00000"
PETER KATU,FARMLIFE HEALTH SERVICES LIMITED,,,,,,,,,,,,,,,,,,,,"8,352.00000",,,
PETER KATU,FORFOODS KENYA LTD,,,,,,,,"4,640.00000","4,930.00000",,"28,420.00000","9,280.00000","13,920.00000",,,,"3,132.00000",,"4,640.00000","11,020.00000",,,"22,034.20000"
PETER KATU,GITHUNGURI DIARY FARM CS LTD.,,,,,,,,,,"100,323.47000",,,"101,175.20000",,"-110,159.40000","103,240.00000",,,"300,546.14000","167,040.00000","-55,680.00000","133,303.54600","143,840.00000"
PETER KATU,GUANGO DAIRY PRODUCTS LTD,,,,,,,,,,,,,,,,,"6,960.00000",,"21,529.60000","6,960.00000","11,878.40000",,
PETER KATU,HAPPY COW LIMITED,,,,,,,,,"86,262.24000","657,232.80000","910,112.80000","630,958.80000","731,240.80000","10,648.80000","106,488.00000","292,673.80000","523,044.00000","785,552.00000","666,675.20000","246,198.40000","592,226.40000","29,000.00000","123,940.20000"
PETER KATU,HASANAT VENTURES LTD,,,,,,,,,,,,,,,,,,,"26,749.60000",,"14,755.20000","24,232.40000","14,755.20000"
PETER KATU,HK EMPIRES LIMITED,,,,,,,,,,"4,640.00000","9,182.56000",,,"28,768.00000","17,184.24000",,,,"7,888.00000",,"3,619.20000","3,480.00000","2,598.40000"
PETER KATU,ITALIAN GELATI & FOOD PRODUCTS LTD,,,,,,,,,,,,,,,,,,,"184,764.80000","174,388.60000","20,300.00000",,
PETER KATU,IVYFRESH DAIRY,,,,,,,,,"181,145.60000",,,,,,,,,,,,,,
PETER KATU,JAMA AGRO SERVICES,,,,,,,,,,,,,,,,,,,,,,,"121,504.20000"
PETER KATU,JOMUS SPICES LIMITED,,,,,,,,,,,,,"34,800.00000","61,248.00000",,,,,,,,,"169,215.00000"
PETER KATU,JOSHLEY KIM CHEMICALS,,,,,,,,,"34,800.00000","23,200.00000","8,352.00000",,"9,280.00000","99,534.96000",,"62,231.68000",,,"31,552.00000","34,336.00000",,,
PETER KATU,JOSKAB ENTERPRISES,,,,,,,,,,"201,376.00000",,,,,"197,107.20000",,,,"43,616.00000",,,,
PETER KATU,KALON FOODS LIMITED,,,,,,,,,,,,,,,,,,,,,,,0.00000
PETER KATU,KATHY'S FRESH LTD,,,,,,,,,,,,,,,"153,723.20000",,,"25,520.00000","104,516.00000","23,200.00000","45,820.00000","20,880.00000","4,454.40000"
PETER KATU,KENTASTE PRODUCTS,,,,,,,,,,,"30,160.00000",,"19,650.40000",,,,,,,,,,
PETER KATU,KENYA HORTICULTURAL EXPORTERS (1977) LTD,,,,,,,,,,,,"14,848.00000",,,,,,,,,,,
PETER KATU,KIAMBAA DAIRY FARMERS CO-OPERATIVE SOCIETY LTD,,,,,,,,,,"-68,208.00000",,"4,640.00000",,,,,,,,,,,
PETER KATU,KINGS FOOD PROCESSERS LIMITED,,,,,,,,,,,,,,,,,,"148,108.80000","75,724.80000","109,132.80000","77,952.00000","114,144.00000","41,760.00000"
PETER KATU,KOMAX INVESTMENTS LTD,,,,,,,,,,,,,,,0.00000,"10,672.00000",,,,,,"22,040.00000",
PETER KATU,LABCHEM LIMITED,,,,,,,,,,,,,,,,,"220,458.00000","12,572.31200",,,,,
PETER KATU,LAKE GAS LTD,,,,,,,,,,,,,,,,,,,"41,760.00000",,"41,467.68000",,"13,641.60000"
PETER KATU,LAKI LAKI LTD,,,,,,,,,,,,,,,,,,,"850,977.50800","37,239.48000","196,164.70000",,
PETER KATU,LAVINGTON HOTEL LIMITED,,,,,,,,,,,,,,"27,144.00000",,,,,,,,"8,550.36000",
PETER KATU,LELACH DAIRIES LIMITED,,,,,,,,,,,,,,"26,749.60000",,,,,"9,280.00000",,,,
PETER KATU,LENACK LIMITED,,,,,,,,,,"52,362.40000","11,878.40000","54,647.60000","63,011.20000",,,,,,,,,,
PETER KATU,LEO INVESTMENTS LTD/CONCORD,,,,,,,,,,,,,,,,,,,"22,940.16000",,,,
PETER KATU,LEONTRIDE DAIRY,,,,,,,,,,"23,200.00000",,,"23,200.00000",,,,,,,,,,
PETER KATU,LESTER DAIRIES,,,,,,,,,"20,787.20000",,,,,,,,,,,,,,
PETER KATU,LOKI VENTURES LIMITED,,,,,,,"59,160.00000","180,496.00000","22,272.00000","57,749.44000","72,750.56000",,,"21,808.00000","3,480.00000","9,048.00000","5,220.00000","7,830.00000","6,786.00000","6,786.00000","7,482.00000",,"13,572.00000"
PETER KATU,LUFION MANUFACTURERS,,,,,,,,,,,,,,,,,,,"30,392.00000","28,930.40000",,"20,838.24000","9,396.00000"
PETER KATU,MEDITEC EA FAIRLIFE LIMITED,,,,,,,,,,,,,,,,,,,"2,030.00000",,,,
PETER KATU,MELANGINE DAIRIES LIMITED,,,,,,,,,,,,,,,"99,528.00000",,,,,"223,184.00000",,"84,239.20000",
PETER KATU,MELPHINA COMPANY LIMITED,,,,,,,,,,,,"109,109.60000","60,459.20000","129,920.00000","96,117.60000","75,933.60000","139,269.60000","84,448.00000","129,827.20000","142,726.40000","87,603.20000","145,475.60000","88,856.00000"
PETER KATU,MUKURWE-INI WAKULIMA DAIRY LTD,,,,,,,,,,"133,741.06320","22,531.60800","123,093.40000",,"16,820.00000",,,,,,,,"429,385.60000","603,876.28000"
PETER KATU,MULTIDESIGN SERVICES LIMITED,,,,,,,,,,,,,,,,"75,398.93280","53,360.00000",,,,,,
PETER KATU,MURPHY CHEMICALS EAST AFRICA LIMITED,,,,,,,,,,,,,,,,,,"9,396.00000","225,799.80000","62,593.60000","58,819.54000",,
PETER KATU,NAMINI INVESTMENT LIMITED,,,,,,,,,,,,,,,,,,"8,700.00000",,,,,
PETER KATU,NESTLE KENYA LIMITED,,,,,,,,,,,,,,,,,,,,"644,046.15200","24,383.20000",,
PETER KATU,NEXUS DAIRY LIMITED,,,,,,,,,,,,,,,,,,,,,"41,620.80000",,
PETER KATU,NIA COSMETICS LIMITED,,,,,,,,,,"310,981.32368",,,"4,002.00000","57,721.60000","6,310.40000",,"49,033.20000","225,040.00000",,,,,
PETER KATU,NORTHVIEW SUPERMARKET,,,,,,,"17,632.00000",,,,,,,,,,"23,362.40000",,,,,,
PETER KATU,NOSTIMO LTD,,,,,,,,,,"15,544.00000",,,,,,,"23,316.00000",,,"47,652.80000",,,
PETER KATU,OL KALOU DAIRY (2016)LIMITED,,,,,,,,,,,,,,,,,,,"153,978.40000",,,,
PETER KATU,ORTEGIA COMMODITIES LTD,,,,,,,,"5,800.00000",,"5,800.00000",,"5,800.00000",,,"5,800.00000",,,"5,800.00000",,,"5,800.00000",,
PETER KATU,PALM HOUSE DAIRIES,,,,,,,,,"375,840.00000","26,393.01600","216,108.00000","219,240.00000",,"146,624.00000","-101,281.92000",,"665,793.60000","225,504.00000","123,702.40000",,"4,524.00000","762,096.80000","45,230.95200"
PETER KATU,PAPA FARMERS LIMITED,,,,,,,,,,,"18,652.80000","37,120.00000",,,,"10,579.20000",,,,,"42,409.60000",,"25,965.44000"
PETER KATU,PERA FOODS,,,,,,,,,,,,,,,,,,,,,,,"94,280.16000"
PETER KATU,PICKED & PACKED FRESH PRODUCE LIMITED,,,,,,,,,,,,,,,"29,000.00000","78,822.00000","76,560.00000",,"79,460.00000",,"78,826.64000","49,508.80000","19,634.16000"
PETER KATU,POWERPOINT SYSTEMS EAST AFRICA LIMITED,,,,,,,,,,,,,,,"3,480.00000",,"3,480.00000","3,480.00000",,"17,400.00000",,"5,800.00000",
PETER KATU,PRASHA ENTERPRISES,,,,,,,,,,"20,153.26000",,,"135,678.24000",,,,,,,,,,
PETER KATU,PRIMETECH INDUSTRIES E.A. LTD,,,,,,,,928.00000,,"1,809.60000",,,"1,113.60000",,"1,113.60000",,,,,"1,345.60000",,"3,393.00000",
PETER KATU,ROLEK GLOBAL LIMITED,,,,,,,,,,,,,,"19,140.00000",,,,,,,,"17,400.00000",
PETER KATU,S. C. JOHNSON & SON KENYA LIMITED,,,,,,,,,,,,,,,,,"16,240.00000",,"296,148.00000","193,894.00000","198,897.02200","967,039.80000",
PETER KATU,SABIHAH OILS LIMITED,,,,,,,,,,,,,,,,,,,"40,484.00000",,,,
PETER KATU,SHEFA DAIRIES LIMITED,,,,,,,,,,,"30,044.00000","57,628.80000","49,369.60000","47,583.20000","67,465.60000",,,,,,,,
PETER KATU,SINGLE DROP LIMITED,,,,,,,,,,,"23,200.00000","105,444.00000","205,668.00000",,,,"215,690.40000",,,,,,
PETER KATU,SINGLE LINE INVESTMENTS K LIMITED,,,,,,,,,,"39,150.00000",,,,,,,,"35,728.00000","16,866.40000","1,740.00000","33,060.00000",,"15,062.60000"
PETER KATU,SIVAT AGRIBUSINESS LIMITED,,,,,,,,,,"45,936.00000","86,536.00000",,"22,968.00000","38,280.00000",,"46,864.00000",,"46,864.00000",,"58,185.60000","46,864.00000",,"57,573.12000"
PETER KATU,SKY DRIPS LIMITED,,,,,,,,,,,,,,,,,,,"4,936.96000",,,"5,196.80000",
PETER KATU,SLOPES CREAMERIES KENYA LTD,,,,,,,,,"11,600.00000","17,469.60000","5,939.20000","8,839.20000","26,726.40000",,,"20,880.00000","20,300.00000","49,300.00000","31,900.00000","84,100.00000","60,900.00000","69,948.00000","8,700.00000"
PETER KATU,SNAVE K TRANSPORTERS & SUPPLIES,,,,,,,,,,"481,400.00000","643,800.00000","846,800.00000",,"658,300.00000","-5,800.00000",,,,,,"139,200.00000","87,580.00000",
PETER KATU,SOI DAIRY INDUSTRIES LIMITED,,,,,,,,,,,,,,,,,,,,,,"52,200.00000",
PETER KATU,SUPERFOAM LIMITED,,,,,,,,,,,,,,,,,,,,,,"266,119.89200",
PETER KATU,TATU MILK LIMITED,,,,,,,,,"139,945.30000","155,256.72000","329,811.20000","354,036.64000","284,710.40000","487,270.99200","534,621.03200","487,362.40000","153,166.40000","490,705.75200","412,300.65600","607,925.84000","466,612.40000","432,216.00000","692,380.80000"
PETER KATU,THE KIKOY CO LTD,,,,,,,,,,,,,,,"9,570.00000",,,,,,,"9,570.00000","7,830.00000"
PETER KATU,TOP COW DAIRIES LTD,,,,,,,,,,"120,640.00000","99,528.00000","199,056.00000","75,400.00000","72,384.00000","173,814.40000","150,800.00000","186,992.00000","108,576.00000","150,800.00000","174,185.60000","150,800.00000","105,560.00000","220,168.00000"
PETER KATU,UNI RITE SYSTEMS AND SUPPLIES LIMITED,,,,,,,,,,,,,,,,,"9,744.00000",,"16,240.00000",,"16,199.40000",,"14,494.20000"
PETER KATU,UNIQUE HEALING APPROACH LTD,,,,,,,,,"46,893.00000","4,263.00000",,"42,766.30000",,,,,,,,,,,
PETER KATU,UPLANDS DAIRIES LIMITED,,,,,,,,,,"18,634.24000","78,026.24000","9,354.24000","27,840.00000","75,400.00000","103,936.00000",,"83,056.00000","58,000.00000","96,512.00000",,"60,320.00000","100,595.20000","86,665.92000"
PETER KATU,WIMSSY LIMITED,,,,,,,,,,,,,,,"104,859.36000","-104,859.36000",,,,"95,788.16000",,,
PETER KATU,YATTA BEEKEEPERS LIMITED,,,,,,,,,,"42,664.80000",,,,,,,,,,,,,
PETER KATU,ZERO FOUR DROPS,,,,,,,,,,,,,,,,,,,,,,,"61,561.20000"
PETER KATU,ZIARA DAIRIES LTD,,,,,,,,,,,,,"48,256.00000","150,800.00000",,,,,,,"66,352.00000",,
NANCY,CITIQUEST,"5,568.00000",,,,,,,,,,,,,,,,,,,,,,
NANCY,WILD FIRE LIMITED,"20,300.00000",,,,,,,,,,,,,,,,,,,,,,
NAHASHON,BLUE RING PRODUCTS LTD,,,,,,,,"108,460.00000",,,"20,886.96000","16,974.04800","11,661.48000","42,769.20000","45,287.56000","111,264.88000",,,,,,,
NAHASHON,CHEKALYN PRIME ENTERPRISES LTD,,"4,210.80000",,,,"5,743.53120","8,421.60000","8,278.43280","8,421.60000",,"22,401.45600","4,210.80000",,"16,194.73680",,,,,,,,,
NAHASHON,DAWA LIMITED,,"106,400.00000","324,146.88000",,,,,,,,,,,,,,,,,,,,
NAHASHON,FINSBURY TRADING LTD,"9,183.72000","13,014.04000","55,937.52000","35,775.90800",,,,,,,,,,,,,,,,,,,
NAHASHON,FLORA OLA LIMITED,"41,760.00000",,,,,,,,,,,,,,,,,,,,,,
NAHASHON,FLORENSIS KENYA LIMITED,,"2,668.00000",,,"5,336.00000",,,,,,,,,,,,,,,,,,
NAHASHON,FLORENZA LIMITED,,"18,547.10080","7,059.24960","16,207.52000",,,,,,,,,,,,,,,,,,,
NAHASHON,KENYA NUT COMPANY LIMITED,,,"13,108.00000",,,,,,,,,,,,,,"24,643.04000",,,,,,
NAHASHON,MAMA LAYLA SOLAR LIGHTS LTD,,,"3,712.00000",,,,,,,,,,,,,,,,,,,,
NAHASHON,MEDISEL (KENYA) LIMITED,,"104,188.00000","84,362.80000","51,450.00000",,,,,,,,,,,,,,,,,,,
NAHASHON,MEDITEC EA FAIRLIFE LIMITED,,,,,,,,"84,546.60000",,,,,,,,,,"61,770.00000",,,,,
NAHASHON,MURPHY CHEMICALS EAST AFRICA LIMITED,"227,360.00000",,,,"492,712.90000","101,372.40000","40,020.00000",,,"216,792.40000","121,260.60000","15,660.00000",,"297,986.60000",,,"95,282.40000",,,,,,
NAHASHON,RAINFOREST FARMLANDS KENYA PUBLIC LIMITED COMPANY,,,"46,980.00000","20,137.60000",,,,,,,,,,,,,,,,,,,
NAHASHON,ROSETO LIMITED,,,"101,532.48000",,,,,,,,,,,,,,,,,,,,
NAHASHON,SAVANNAH BRANDS COMPANY LIMITED,"3,480.00000","20,302.32000","135,348.80000","32,480.00000","48,048.82400","176,679.36800","151,867.20000","3,480.00000","31,202.84000","5,800.00000",,,,"23,534.25400","23,200.00000","-9,474.41600","69,600.00000","36,018.00000",,,,,
NAHASHON,SIERRA FLORA LIMITED,,,"101,423.44000",,,,,,,,,,,,,,,,,,,,
NAHASHON,SKYFOAM DETERGENTS,,"13,572.00000",,,,,,,,,,,,,,,,,,,,,
NAHASHON,VODA MANUFACTURES LIMITED,,"261,000.00000",,,,,,,,,,,,,,,,,,,,,
NAHASHON,WILD FIRE LIMITED,,"88,763.20000","43,782.46000",,,,,,,,,,,,,,,,,,,,
MOSES,ADVENT LIMITED,,,,"70,000.00000",,"584,764.48000","-70,000.00000","806,019.12200","71,000.00000","200,722.08000","276,447.32850","194,319.43180","1,748,037.37500",,"454,486.26781","289,432.00000","1,048,021.14217","776,455.76333",,,,,
MOSES,INGABO DAIRY LTD,,,,,,,,,,,,,,,,,,"46,400.00000",,,,,
MOSES,ISHYO FOODS LIMITED,,,,,,,"149,796.04200","120,700.00000",,"81,510.00000","281,506.29150",,,"328,860.00000","459,161.96712",,,"544,087.19040",,,,,
MOSES,KASESA DISTILLERS AND DISTRIBUTORS LIMITED RWANDA,,,,"760,834.17900",,"3,376,357.08160","1,959,046.99750",,"2,231,533.40800","3,199,533.93393",,"1,352,761.46499",,,,,"3,290,778.99896",,,,,,
MOSES,NICE COMPANY BURUNDI,,,,,,,,"315,864.80000",,,,,,,,,,,,,,,
MOSES,ORIBUT COMPANY LIMITED,,,"41,917.50000",,,,,,,"83,166.50000",,"155,420.50000","342,656.00000",,,"90,000.00000","510,087.00000","202,254.75000",,,,,
MOSES,RUGARI AGROPROCESSING COMPANY,,,,,,"153,600.00000","17,562.50000","892,042.58000",,,"714,089.65875","1,087,685.69423",,,,,,,,,,,
MOSES,TOP WATER LIMITED,,,,,,,,,,,,,,,,"52,624.00000",,,,,,,
MOHAMED,ADAN PAPERS,,"103,286.40000","292,644.80000","172,144.00000","309,859.20000","257,520.00000","171,680.00000","274,688.00000","274,688.00000","206,016.00000","123,609.60000",,,,,,,,,,,,
MOHAMED,ADSOPACK INDUSTRIES LIMITED,,,,,,,,,,,"36,888.00000",,"27,283.20000","88,531.20000",,"55,958.40000","57,164.80000","83,102.40000","27,932.80000","175,438.40000","153,862.40000",,"153,120.00000"
MOHAMED,ALESHA BRANDS LIMITED,,,,,,,"187,572.00000","299,976.00000","227,592.00000","283,968.00000","232,754.00000","98,136.00000",,"29,232.00000","123,656.00000","104,400.00000","68,208.00000","147,958.00000","90,538.00000","87,696.00000","-87,696.00000",,
MOHAMED,BERRY.COM LTD,,,,,,,,,,,,,,,,,,,,,"10,440.00000",,"34,104.00000"
MOHAMED,BESAPACK LIMITED,,,,,,,,,,,,,,"268,447.20000","194,810.40000","173,512.80000","264,111.12000","409,317.60000","330,112.80000","344,172.00000",,,
MOHAMED,BIZMED  SOLUTION,,,,,,,,,,,,,,,,,,,,,,,"32,712.00000"
MOHAMED,CHANDARIA INDUSTRIES LTD,,,,,,,,,,,,,,"167,968.00000","308,908.00000","220,168.00000","61,828.00000","377,614.80000","32,480.00000","394,086.80000","4,060.00000","431,926.00000","124,700.00000"
MOHAMED,COSRANET ENTERPRISES LIMITED,,,,,,,,,,,,,,,,,,,,"34,800.00000",,,
MOHAMED,DAVID FOSIL,"171,680.00000","381,361.60000","343,824.00000",,"171,680.00000","255,362.40000","180,686.24000","277,372.24000","171,680.00000","343,360.00000","154,512.00000","206,016.00000","274,688.00000","103,008.00000","206,016.00000","223,184.00000","24,035.20000","223,184.00000","206,016.00000","206,016.00000","171,680.00000","274,688.00000","103,008.00000"
MOHAMED,DAVID POUCHES,,,,,,,,,"28,768.00000",,,,,,,,,,,,,,
MOHAMED,DIVINE INDUSTRIES LIMITED,,,,,,,"370,399.60000","351,514.80000","372,974.80000",,"344,218.40000","843,378.00000",,,"795,841.20000",,,,,"102,271.40000",,,
MOHAMED,EXHIBIT IT SOLUTIONS LIMITED,,,,,,,,,,,,,,,,,"45,750.40000","94,841.60000",,,,,
MOHAMED,GADENIA FOODS ENTERPRISES,,,,,,,,,,,,,,"3,828.00000","60,668.00000",,"25,056.00000","33,779.20000",,,,,
MOHAMED,GLOBAL MARK FOODS LTD,,,,,,,,,,,,,,,,,,,,,,"7,540.00000","49,378.88000"
MOHAMED,GOLD CROWN BEVERAGES (KENYA) LIMITED,,,,,,,,,,,,,,,,,,,,"410,677.00000","-299,797.00000",,514.80000
MOHAMED,GOLD CROWN FOODS (EPZ) LIMITED,,,,,,,,,,,,,,,,,,,,,"410,677.00000","283,687.04000",
MOHAMED,Gonas Best Limited,,,,,,,,,,,,,,"216,472.00000","444,048.00000","677,440.00000","617,120.00000",,,"697,392.00000","854,688.00000","970,688.00000",
MOHAMED,JACKSON MUREMERA,"137,600.00000","54,380.80000",,,,,,,,,"75,539.20000","281,555.20000","68,672.00000","264,387.20000","103,008.00000","103,008.00000","154,512.00000","154,512.00000","137,344.00000","103,008.00000","103,008.00000","96,140.80000","92,707.20000"
MOHAMED,JACNZU AGENCIES,,,,,,,,,,,,,,,,,,,"130,152.00000","113,336.00000","36,400.00000","117,124.00000","40,600.00000"
MOHAMED,JOSKA TERRAZZO,,,,,,,,,,,,,"25,508.40000",,,,,,,,,,
MOHAMED,JOSQUINE PACKAGING LIMITED,,"140,397.12000","241,001.60000","344,984.00000",,"343,360.00000","343,360.00000","145,000.00000","343,360.00000","343,360.00000","418,899.20000","457,504.00000","343,360.00000",,,"343,360.00000",,"429,200.00000","412,032.00000","171,680.00000","373,380.80000","343,360.00000","343,360.00000"
MOHAMED,KAKIS COMPANY LIMITED,,,,,,,,,,,,,,,,,,,"34,800.00000","28,536.00000",,"61,248.00000","33,408.00000"
MOHAMED,KOMAX INVESTMENTS LTD,,,,,,,,,,,,,,,,,,,,,,,"53,592.00000"
MOHAMED,MAGGY POUCHES,,,,,,"85,840.00000","85,840.00000","85,840.00000","85,840.00000","85,840.00000","103,008.00000","137,344.00000","85,840.00000","51,504.00000","103,008.00000","51,504.00000","85,840.00000","34,336.00000","103,008.00000","85,840.00000","51,504.00000","41,203.20000",
MOHAMED,MEILLEUR PRINT LTD,,,,,,,,,,,,,,,,"65,076.00000","37,855.44000",,,"18,627.28000","18,627.28000","9,313.64000","10,515.40000"
MOHAMED,MILLY FRUIT PROCESSORS LTD,,,,,,,,,,,,,,,,,,,,,,,"45,936.00000"
MOHAMED,MOHOSH PAPER CONVERTER,,,,,,,,,"169,824.00000",,,,,,,,,,,,,,
MOHAMED,NARCOL ALUMINIUM ROLLING MILLS LIMITED,,,,,,,,,,,,,,,,,,,"77,197.07200",,"399,326.17200","433,824.34000","134,904.81000"
MOHAMED,PALM COAST BEAUTY PRODUCTS,,,,,,,,,,,,,,,,,,,,"108,970.16800",,,"131,027.80000"
MOHAMED,PHILIP MOSES,,,,,,,,,,,,,,"68,672.00000","137,344.00000","192,281.60000","120,176.00000","240,352.00000","120,176.00000","137,344.00000","144,211.20000","188,848.00000","133,910.40000"
MOHAMED,PLASITEK LIMITED,,"6,960.00000","43,152.00000","79,344.00000","384,888.00000","489,375.00000","92,568.00000","295,800.00000","356,352.00000","91,872.00000","492,077.80000","793,783.36000","120,408.00000","345,912.00000","278,260.80000","59,856.00000","160,776.00000","149,408.00000","883,420.62000","703,915.84000","181,656.00000","311,808.00000","148,712.00000"
MOHAMED,PORT CROSS LTD,,,,,,,,,,,,,,,,,,,,,,,"39,789.85600"
MOHAMED,RIBIN PACKAGING,,,,,,"108,074.88000",,,,,,,,,,,,,,,,,
MOHAMED,ROBIN PACKAGING,,,,,,"120,060.00000",,,,,,,,,,,,,,,,,
MOHAMED,SANJAC PACKAGING LIMITED DR,,,"-16,704.00000","361,224.00000","174,000.00000",,"32,016.00000",,,,,,,,,,,,,,,,
MOHAMED,SARAYA KENYA COMPANY LTD,,,,,,,,,,,,,,,,,,,"55,680.00000","352,640.00000","107,949.60000","362,094.00000","343,128.00000"
MOHAMED,SUN COUNTRY FOOD AND BEVERAGE LIMITED,,,,,,,,,,,,,,"69,600.00000","111,148.36960","79,443.73680","83,710.24000","34,800.00000","143,654.40000","38,494.60000","65,944.56160",,
MOHAMED,TERRAMAS CONSTRUCTION COMPANY LTD,,,,,,,,,,,,,,,,,,,,,,,"35,623.60000"
MOHAMED,TYPSY GENERAL SUPPLIES,,,,,,,,,,,,,,,,,,,"94,168.80000","657,476.40000","201,478.08000",,
MOHAMED,ULTRA CHEMICAL INDUSTRIES LTD,,,"461,216.00000","455,740.80000","35,728.00000","315,056.00000","634,102.40000","458,812.48000","128,945.60000","424,838.40000","187,548.80000","411,846.40000","357,094.40000","92,521.60000","32,851.20000","258,726.40000","111,452.80000","197,478.40000","575,824.00000","334,514.88400","202,902.56000","551,315.52000","26,072.39200"
MOHAMED,VIPINGO INDUSTRIES,,,,,,,,,"279,049.60000",,,,,,"273,152.16000",,"274,245.34400","263,888.86400",,"277,323.52000",,"192,731.68000","57,185.10000"
MOHAMED,VUMUAL WATERSITES AGENCIES,,,,,,,,,,,,,,,,,,,"89,260.00000",,"117,153.93088","28,048.80000","33,017.66000"
MOHAMED,WAKAMASTER ENTERPRISES,"99,999.54000","99,999.54000",,,"99,999.54000","99,999.54000","149,999.31000","229,497.30000",,"118,998.60000","101,998.80000","127,498.50000","101,998.80000","209,097.54000",,"110,498.70000","127,498.50000",,,"96,048.87000","179,347.89000",,"110,498.70000"
MOHAMED,WORLD BOOTS LTD,,,"210,064.40000",,,,,,,,,,,,,,,,,,,,
MOHAMED,ZEIZU COMPANY LIMITED,,,,,,,,,,,,,,,,,"111,389.00000",,,"144,445.52000",,,"204,769.00000"
JUDY,AKAMIS DAIRIES,,,"7,424.00000",,,,,,,,,,,"20,242.00000",,,,,,,,,
JUDY,AMASI HOLDINGS LIMITED,,,,,"98,275.20000",,,,,,,,"11,600.00000","21,297.60000",,,,,,,,,
JUDY,AMIYO FARMS,,,"21,460.00000",,,,,"20,987.88000",,,,,,,,,,,,,,,
JUDY,APDC,,,,,"39,440.00000",,,,,,,,,,,,,,,,,,
JUDY,ASPENDOS DAIRY LTD,,,,,,,,,,"362,012.80000","560,628.00000","72,384.00000","808,821.60000","718,689.60000","377,928.00000","530,700.00000",,,"985,373.60000",,,,
JUDY,BAHATI AGRO PROCESSORS LTD,"294,361.60000","811,535.53600","1,089,221.44000","653,905.92000","339,601.60000","858,632.00000","670,294.40000","125,280.00000",,"150,800.00000",,"183,976.00000",,,,,,,,,,,
JUDY,BEMUTECH TECHNICAL SERVICE LTD,,,,"31,389.60000","61,549.60000","11,600.00000",,,,,,,,,,,,,,,,,
JUDY,BRANDFACET SOLUTIONS LTD,,,,,,"33,518.91200",,,,,,,,,,,,"10,672.00000",,,,,
JUDY,BY CHOICE VENTURES LTD,,,,"37,236.00000",,,,,,,,,,,,,,,,,,,
JUDY,DALLAS FINEST,,,,,,,"12,760.00000","8,120.00000",,,,,,,,,,,,,,,
JUDY,DANIEL WAWERU,,,,,,,"4,640.00000",,,,,,,,,,,,,,,,
JUDY,DEA TRADERS COMPANY LIMITED,,,"36,754.00000",,"25,932.48000",,,,,,,,,,,,,,,,,,
JUDY,DEKAM INTERIORS,,,,,,"495,552.00000",,,,,,,,,,,,,,,,,
JUDY,DEMKA DAIRY LTD,"1,424,572.80000","3,285,352.00000","2,342,262.72000","2,203,118.40000","2,233,487.20000","2,308,028.80000","1,405,247.20000","1,181,622.40000","1,427,333.60000",,,,,,,,,,,,,,
JUDY,DIEMOULD MACHINERY PRODUCT LTD,,,,,"17,748.00000","6,960.00000","42,595.20000","10,648.80000","11,832.00000",,,,,,,,,,,,,,
JUDY,EASTNAT LIMITED,,,,,"12,760.00000",,,,,,,,,,,,,,,,,,
JUDY,EDEN DAIRY LTD,,"23,200.00000","34,800.00000",,,"69,600.00000","60,598.40000","34,800.00000",,,,,"60,320.00000","67,419.20000","53,360.00000",,,,,,,,
JUDY,EDVIK REALTY LTD,"27,608.00000",,,,,,,,,,,,,,,,,,,,,,
JUDY,FAHTANNAH FOODS LTD,"8,282.40000",,,,,,,,,"28,652.00000",,,,,,,,"13,572.00000",,,,,
JUDY,FAMPRO DAIRIES LIMITED,,,,"46,400.00000","214,136.00000","114,608.00000","189,590.40000","33,848.80000","99,528.00000",,,,,,,,,,,,,,
JUDY,FARMING SOLUTIONS LIMITED,"199,172.00000","183,048.00000","191,817.60000","343,383.20000","158,131.20000","196,828.80000","407,160.00000","104,400.00000",,,,,,,,,,,,,,,
JUDY,FOOD&US LIMITED,,,,"33,141.20000",,,,,,,,,,,,,,,,,,,
JUDY,GITHUNGURI DIARY FARM CS LTD.,,,,"103,756.20000",,,"101,633.40000","91,367.40000",,,,,,,,,,,,,,,
JUDY,GREEN RICH DAIRIES,,"4,640.00000",,,,,,,"11,878.40000",,,,,,,,,,,,,,
JUDY,GUANGO DAIRY PRODUCTS LTD,,"69,600.00000","53,499.20000","23,200.00000","73,149.60000","69,600.00000","46,400.00000",,,,,,"23,200.00000","13,920.00000","27,840.00000","16,240.00000","21,529.60000","13,920.00000",,,,,
JUDY,GULF VENTURES DAIRY PRODUCTS,"2,320.00000",,,,"2,320.00000",,"2,320.00000",,,,"2,320.00000",,,,,,,,,,,,
JUDY,HAPPY COW LIMITED,"219,481.28000","306,622.80000","31,204.00000","55,749.60000","365,539.20000","187,351.60000","386,767.20000","394,284.00000","123,064.40000","-29,000.00000",,,,,,,,,,,,,
JUDY,HAPPY VALLEY,,,,,,"40,600.00000",,,,,,,,,,,,,,,,,
JUDY,HASANAT VENTURES LTD,,"17,272.40000",,,,,,,,,,,,,,,,,,,,,
JUDY,JONASH GENERAL SUPPLIES,,,,,"36,540.00000","38,010.30000",522.00000,,,,,,,,,,,,,,,,
JUDY,JOSHLEY KIM CHEMICALS,,,,,,"6,960.00000",,"6,681.60000",,,,,,,,,,,,,,,
JUDY,KASBONDO AIM DAIRY CO-OPERATIVE SOCIETY LTD,"5,104.00000","15,723.80000",,,"4,970.60000",,,,,,,,,"13,804.00000",,,,,,,,,
JUDY,KENAFRIC BEVERAGES AND BOTTLING LTD,,,"11,600.00000",,,,,,,,,,,,,,,,,,,,
JUDY,KIAMBAA DAIRY FARMERS CO-OPERATIVE SOCIETY LTD,,,"52,617.60000","65,772.00000","65,145.60000","460,409.64000","392,161.20000","73,080.00000","62,640.00000",,,,,,,,,,,,,,
JUDY,LAKI LAKI LTD,"237,153.30000","14,365.44000",,,,,,,,,,,,,,,,,,,,,
JUDY,LELACH DAIRIES LIMITED,,,,,"11,600.00000","22,109.60000",,,,,,,,,,,,,,,,,
JUDY,LENACK LIMITED,,,,,,"84,912.00000",,,"5,939.20000",,,,,,,,,,,,,,
JUDY,LOITOKITOK DAIRY CO-OPERATIVE,,"2,900.00000",,"2,900.00000","8,908.80000","14,848.00000","8,908.80000",,,,,,,,,,,,,,,,
JUDY,MAGNATE FLOWERS LIMITED,,"74,704.00000",,,,,,,,,,,"77,952.00000",,,,,,,,,,
JUDY,MAMA O DAIRIES,,,,,"5,939.20000",,,,,,,,,,,,,,,,,,
JUDY,MELANGINE DAIRIES LIMITED,,"162,307.20000","95,949.40000","163,476.48000","69,368.00000","207,148.16000","214,687.00000","12,207.84000",,,"39,767.75800",,"23,385.60000",,"21,402.00000","184,672.00000","26,100.00000","196,040.00000",,,,,
JUDY,MELPHINA COMPANY LIMITED,,"72,384.00000","121,243.20000",,,"72,384.00000","102,381.60000","72,384.00000","33,176.00000",,,,,,,,,,,,,,
JUDY,MTINDI DAIRIES LTD,"3,549.60000","10,416.80000",,"23,494.64000","2,378.00000",,"3,549.60000",,,"6,758.16000",,,"5,564.52000",,,,,,,,,,
JUDY,MUKURWE-INI WAKULIMA DAIRY LTD,"98,675.40000","22,965.70320","158,224.00000","61,352.63200",,"49,955.40000","60,943.84800","138,490.08000","10,092.00000",,,,,,,,,,,,,,
JUDY,MULTIDESIGN SERVICES LIMITED,,,,,,"255,200.00000",,,,,,,,,,,,,,,,,
JUDY,NAMINI INVESTMENT LIMITED,,,"8,700.00000",,,,,,,,,"7,830.00000","9,465.60000",,,,"36,748.80000",,,,,,
JUDY,NEW DAIRYGOLD LTD,"5,800.00000",,,,,,,,,,,,,,,,,,,,,,
JUDY,NEXUS DAIRY LIMITED,,,,,,,,,,,,,"32,656.32000",,,,,,,,,,
JUDY,NIA COSMETICS LIMITED,,,,,"80,562.00000",,,"45,936.00000",,,,,,,,,,,,,,,
JUDY,NOSTIMO LTD,"61,248.00000",,"29,928.00000",,,,,,,,,,,,,,,,,,,,
JUDY,NURU SOCIAL ENTERPRISES LTD,"10,022.40000","12,528.00000","27,492.00000","8,700.00000",,,,,,,,,,,,,,,,,,,
JUDY,OL KALOU DAIRY (2016)LIMITED,"72,500.00000",,,,,,,,,,,,"58,000.00000",,,"49,300.00000",,,,,,,
JUDY,PALM HOUSE DAIRIES,"375,840.00000",,"513,880.00000",,,"347,304.00000",,,"148,596.00000",,,,,,,,,,,,,,
JUDY,PERRY FRESH LIMITED,,,"174,928.00000",,,,,,,,,,,,,,,,,,,,
JUDY,PHILIP MOSES,"336,800.00000","103,008.00000","344,288.00000","103,286.40000","171,680.00000","171,680.00000","206,016.00000","195,715.20000","171,680.00000","171,680.00000","120,176.00000","171,680.00000","137,344.00000","137,344.00000",,,,,,,,,
JUDY,PRECISION E.A PACKAGING LTD,,"17,400.00000","54,520.00000",,,,,,,,,,,,,,,,,,,,
JUDY,RASNA LIMITED,,,,,,"27,097.60000",,,,,,,,,,,,,,,,,
JUDY,SHEFA DAIRIES LIMITED,"155,973.60000","102,567.20000","249,724.80000","167,499.36000","125,280.00000","117,484.80000","59,039.36000","120,964.80000","30,716.80000",,,,,,,,,,,,,,
JUDY,SIVAT AGRIBUSINESS LIMITED,,"30,624.00000",,,"31,552.00000",,"46,864.00000","21,436.80000","61,248.00000",,,,,,,,,,,,,,
JUDY,SLOPES CREAMERIES KENYA LTD,,,,,,"43,500.00000",,"23,200.00000","17,400.00000",,,,,,,,,,,,,,
JUDY,SNAVE K TRANSPORTERS & SUPPLIES,"125,280.00000","476,180.00000","334,660.00000","473,280.00000","417,600.00000","493,580.00000","421,683.20000","319,000.00000","240,700.00000",,,,,,,,,,,,,,
JUDY,STERLIDERM,,"9,280.00000",,,,,,,,,,,,,,,,,,,,,
JUDY,STEVEN OMETE,"72,708.80000",,,,,,"4,640.00000",,,,,,,,,,,,,,,,
JUDY,SUKA FARMERS COOP SOCIETY,,"15,892.00000",,"23,838.00000","86,246.00000",,"35,283.72000",,,,,,,,,,,,,,,,
JUDY,TATU MILK LIMITED,"55,174.24000","247,608.96000","92,373.12000","197,355.90400","66,908.80000","147,139.96800","176,780.52000","214,567.52000","49,369.60000",,,,,,,,,,,,,,
JUDY,TERRESTIA FOODS LTD,,,,,,"109,040.00000",,,-580.00000,,,,,,,,,,,,,,
JUDY,TOP COW DAIRIES LTD,"95,282.40000","46,400.00000","163,792.00000","108,576.00000",,"114,608.00000","135,116.80000","120,640.00000","69,368.00000",,,,,,,,,,,,,,
JUDY,TROPICAL LUCH LTD,,,"16,762.00000","3,248.00000",,,,,,,,,,,,,,,,,,,
JUDY,UMANI SPRINGS DROPS LTD,,"69,600.00000","161,128.64000",,,,,,,,,,,,,,,,,,,,
JUDY,UPLANDS DAIRIES LIMITED,"80,666.40000","87,464.00000","157,110.40000","75,469.60000","88,494.08000","74,425.60000","9,354.24000","72,384.00000",,,,,,,,,,,,,,,
JUDY,UPLANDS PREMIUM DAIRIES & FOOD,,,"81,896.00000",,"69,600.00000","153,143.20000",,,,,,,,,,,,,,,,,
JUDY,VINES COMMODITY TRADERS,,,,,,,"91,440.00000",,,,,,"46,771.20000",,,,"113,865.60000","2,614.64000",,,,,
JUDY,WANYORORO COOP SOCIETY,"-126,672.00000",,,,"5,289.60000",,,,,,,,,,,,,,,,,,
JUDY,WAZO JEMA BAMBA,,,,,,,"5,289.60000","5,939.20000",,,,,,,,,,,,,,,
JUDY,WIMSSY LIMITED,,,,"142,262.40000","154,419.20000","297,702.40000","309,237.44000","452,400.00000","120,115.68000",,,,,,,,,,,,,,
JUDY,ZAWADI DAIRIES,"9,280.00000","18,061.20000","21,529.60000","4,677.12000",,,,,,,,,,,,,,,,,,,
JUDY,ZIARA DAIRIES LTD,,,,,,,"102,228.48000","150,800.00000","114,840.00000",,,,,,,,,,,,,,
GRACE,BARU AGRO PROCESSING,,,,,,,,,,,,,,,,,,"2,109.24000",,,,,
GRACE,BWENDERO DAIRY FARM (U) LTD,"132,300.00000",0.00000,,,,,,,,,,,,,,,,,,,,,
GRACE,GEFF,,,,,,,,,,,,,,,,,,,,"70,594.94000",,,
GRACE,GLORRIE INDUSTRIES LTD,,,,,,,,,,"69,000.00000",,,,,,,,393.75000,,,,,
GRACE,GRACE TAYEBWA - DR,"324,807.84000","115,365.60000","114,912.00000","114,912.00000","105,062.40000",,"305,880.86400",,,,"775,041.60000",,,,,,"309,871.82720","1,510.00970",,,,,
GRACE,GRAJAN PACKAGING SOLUTIONS,,,"316,050.00000","744,633.40000","390,502.40000","241,100.80000","243,795.60000","579,274.80000","909,712.36800",,"720,203.40000","17,004.72600","436,873.50000","50,032.63800","644,890.88700",,,693.98208,,"7,398,562.82880","-7,160,724.48000","367,892.87600","97,181.26080"
GRACE,IAN MACU,,,,,,,,,,,,,,,,,,,,"84,414.89849",,,
GRACE,JUST MILK LIMITED (UG),,,,,,,,,,,,,,,,,"328,173.23240","1,123.15200",,,,,
GRACE,KITUZI HEALTH DRINK,,,,,,,,,,"37,388.60000",,"520,131.51448",,"128,536.00000","82,634.49310","196,155.96000","927,600.46225","3,928.00902",,"849,446.26936","737,745.09458",,
GRACE,MUBARAK,,,"249,071.76000",,,,"92,386.00000","161,617.30000","157,285.08000","330,441.09840","61,346.09250","1,137,665.28750",,,"73,920.01520",,,28.10000,,,,,
GRACE,NILE SUPREME COMPANY LTD,,,,,,,,,,,,,,,"172,212.00000",,,,,,,,
GRACE,PREMIER DAIRIES LTD (U),,,,,,,,,,,,,"306,463.50000",,,,,"117,640.47360",,,"215,674.20160",,
GRACE,QUALITY DAIRY PRODUCTS,,,,,,,,,,,,,,"32,134.00000","86,794.84800",,"167,616.36320",,,,"185,518.17440",,
GRACE,ROYAL CARE COSMETICS U LTD,"326,592.00000",,"880,709.76000",,,,,"597,990.40000",,"206,036.27760",,"559,217.29500",,"153,515.17210","188,115.15444",,,"992,496.21096","97,207.90040","1,580,575.41928","1,064,001.60776","701,008.28699",
GRACE,RUGARI AGROPROCESSING COMPANY,,,"1,201,806.90000","169,287.30000",,,,,,,,,,,,,,,,,,,
GRACE,SIRI DISTILLERS,,,,,,,,,,,,,,"80,335.00000",,,,,,,,,
GRACE,THADDY INVESTMENT LTD,,,,,,,,,"39,975.84000",,,,,,"100,434.03840",,,,"90,052.50384",,,,"106,691.59800"
GRACE,TWESIGYE PAUL INDUSTRIES LTD,,,,,,,,"69,012.00000",,,,,,,"69,749.31060",,,,"783,176.26842",,,"767,535.49327",
GRACE,ULTIMATE DISTLLERS (U) LTD,,,"148,987.44000",,,,,,,,,,,,0.37935,,,,,,,,
GRACE,ZIMA HEALTHY,,,"390,378.24000","43,375.36000",,,,,,,,,,,,,,,,,,,
FAITH,ADVATECH OFFICE SUPPLIES,,,,"32,480.00000",,,,,,,,,,,,,,,,,,,
FAITH,MARGATE HOLDINGS LIMITED,,"21,199.00000",,,,,,,,,,,,,,,,,,,,,
FAITH,PALM COAST BEAUTY PRODUCTS,,,"139,200.00000","228,397.50400",,,"137,520.32000",,,"124,834.56000",,"146,374.36800",,,,,,,,,,,
ESTHER,AMIT,,,,,,,,,,,,,,,,"3,248.00000",,,,,,,
ESTHER,AQUASHINE LIMITED,,,,,,,,,,,,,,,,,"6,950.72000",,,,,,
ESTHER,CHEMI & COTEX INDUSTRIES LTD,,,,,,,,,,,,,,,,,,,"12,600.53080","16,668.39772","612,436.94491","601,962.78698","125,872.11000"
ESTHER,FINE URBAN REAL ESTATE CONSTRUCTION AND INTERIORS CO,,,,,,,,,,,,,,,,,"7,313.80000",,,,,,
ESTHER,GALAXY FOODS AND BEVERAGES,,,,,,,,,,,,,,,,,,"2,107,032.52240",,"2,928,331.39040","1,342,635.84000",,"4,100,026.24512"
ESTHER,GLOBAL MARK FOODS LTD,,"20,884.17600",,,,"55,953.52800","201,608.00000","219,794.48000",,"802,256.00000","470,960.00000","219,332.80000","204,160.00000","412,565.60000","585,104.00000","584,176.00000","18,096.00000","468,176.00000","210,377.60000",,"804,112.00000","219,008.00000",
ESTHER,IDEAL MANUFACTURING COMPANY LIMITED,,,,,,,,,,,,,,,,,"71,270.40000",,,"17,748.00000",,,
ESTHER,KAJICON ENTERPRISES LTD,,,,,,,,,,,,,,,,"70,122.00000",,,,,,,
ESTHER,MAMUJEE PRODUCTS LTD,,,,,,,,,,,,,,,,"3,806,803.10080","2,612,969.41192",,"2,746,836.12860",,"1,542,748.78566",,"3,327,851.06591"
ESTHER,METAL CROWN,,,,,,,,,,,,,,,,,,,,"155,927.20000",,,"206,903.40000"
ESTHER,METAL CROWN (T)LTD,,,,,,,,,,,,,,,,,,,,,"50,269.68000",,
ESTHER,MOGAS TANZANIA LIMITED,,,,,,,,,,,,,,,,,,,"795,868.70584","1,653,643.18015","2,606,264.79555","2,186,158.12831",
ESTHER,NANCIES BAKERS LTD,,,,,,,,,,,,,,,,,,,"5,800.00000",,,"8,700.00000",
ESTHER,OLA ENERGY KENYA LTD,,,,,,,,,,,,,,,,,,,"1,202,667.58400","2,495,048.03680","2,869,263.82800","1,917,269.73840","717,489.00000"
ESTHER,QUEENSLY BITES ENTERPRISE LTD,,,,,,,,,,,,,,,,,,,"14,500.00000",,"14,500.00000","-14,500.00000",
ESTHER,QWAY LIMITED,,"35,496.00000","154,836.80000","315,017.72000","420,662.40000","138,341.60000","44,451.20000","128,087.20000","350,320.00000","27,840.00000","39,440.00000",,,,,,,,,,,,"96,744.00000"
ESTHER,SPALLIC TRADE LABELS,,,,,,,,,,,,,,,"7,917.00000","24,360.00000",,"8,120.00000",,"9,512.00000",,"8,120.00000",
ESTHER,SPLASH PAINTS EA LTD,,,,,,,,,,,,,,,,,,,,,,"23,200.00000",
ESTHER,TANGA PHARMACEUTICAL & PLASTIC,,,,,,,,,,,,,,,"16,009,215.83698","4,636,539.66529","9,629,883.29040","9,495,796.23807","5,647,573.39151","6,947,959.47322","15,624,216.21976","6,524,215.44776","5,403,547.34027"
ESTHER,TOTAL KENYA LIMITED DR,,,,,,,,,,,,,,,,,,"526,818.54230","3,154,147.39976","3,376,912.09340","5,295,829.50160","6,047,699.28572","6,610,523.74572"
ESTHER,UMOJA SHOE COMPANY LTD,,,,,,,,,,,,,,,,,,,,,,"15,660.00000","106,557.60000"
ESTHER,ZAADA PURIFIED DRNKING WATER LIMITED,,"252,699.04000","115,947.33600","178,176.00000",,"183,001.60000","82,870.40000","183,558.40000",,"81,636.16000","207,686.40000","265,844.16000","88,909.36000","107,648.00000","326,470.40000","486,272.00000",,"224,576.00000",,"38,637.28000",,"523,350.24000",
ESTHER,ZANFOOD & TEA COMPANY LIMITED,,,"61,387.20000",,,,,,,,,"64,519.20000",,,"66,816.00000",,"59,160.00000","69,530.40000",,,,,
ERICK,CHAIIWALI CAFE,,"7,087.60000","7,540.00000",,"7,540.00000",,"7,540.00000","7,540.00000",,,,,"7,540.00000",,,,,,,,,,
ERICK,DECATHLON SPORTS KENYA LIMITED,"10,092.00000",,,,,,,,,,,,,,,,,,,,,,
ERICK,HK EMPIRES LIMITED,"20,230.40000",,,,,,,,,,,,,,,,,,,,,,
ERICK,PETER MWAROGO,,,,,,"19,952.00000",,,,,"62,640.00000",,,,,,,,,,,,
CAROL,AFRICA FUTURE VENTURES LIMITED,,,,,,,,,,,,,,,,,,,,,,"5,846.40000","6,955.36000"
CAROL,ALIMP GROUP LIMITED,,,,,,,,,,,,,,,,,,,,,,,"8,978.40000"
CAROL,AMITECH AUTO MOBILE LIMITED,,,,,,,,,,,,,,,,,,,,,,,"4,060.00000"
CAROL,BHATIA UNITED LTD,,,,,,,,,,,,,,,,,,,,,,"11,600.00000","11,600.00000"
CAROL,CARTON MANUFACTURERS LIMITED,,,,,,,,,,,,,,,,,,,,,,"1,276.00000",
CAROL,CITIQUEST,,,,,,,,,,,,,,,,,,,,,,,"8,700.00000"
CAROL,CLIQUE LIMITED,,,,,,,,,,,,,,,,,,,,,,"88,450.00000","15,950.00000"
CAROL,CREATIVE COOPERATE IMAGE,,,,,,,,,,,,,,,,,,,,,,"11,136.00000",
CAROL,DEW POINT NATURALS,,,,,,,,,,,,,,,,,,,,,,,"2,436.00000"
CAROL,DORMANS COFFEE LIMITED,,,,,,,,,,,,,,,,,,,,,,,"44,929.12000"
CAROL,EAT N GO LIMITED,,,,,,,,,,,,,,,,,,,,,,"32,480.00000","64,960.00000"
CAROL,ECOZYM LIMITED,,,,,,,,,,,,,,,,,,,,,,"39,558.32000","3,351.24000"
CAROL,FINSBURY TRADING LTD,,,,,,,,,,,,,,,,,,,,,,"5,428.80000",
CAROL,FLORENZA LIMITED,,,,,,,,,,,,,,,,,,,,,,"14,418.80000","15,567.20000"
CAROL,GADENIA FOODS ENTERPRISES,,,,,,,,,,,,,,,,,,,,,,,"21,135.20000"
CAROL,HEALTH WORKS LIMITED,,,,,,,,,,,,,,,,,,,,,,,"11,730.38400"
CAROL,IZYCUT LABELS,,,,,,,,,,,,,,,,,,,,,,"5,742.00000",
CAROL,JANI COSMETICS KENYA LTD,,,,,,,,,,,,,,,,,,,,,,"133,697.65600","59,549.76000"
CAROL,JUANCO SPS LTD,,,,,,,,,,,,,,,,,,,,,,,"36,192.00000"
CAROL,JUBILEE TISSUE INDUSTRIES LIMITED,,,,,,,,,,,,,,,,,,,,,,"136,543.60000","101,442.00000"
CAROL,KENPOLY MANUFACTURERS LIMITED,,,,,,,,,,,,,,,,,,,,,,"875,397.36400","423,906.40960"
CAROL,LAKI LAKI LTD,,,,,,,,,,,,,,,,,,,,,,,"194,779.77600"
CAROL,MALACHITE LIMITED - DR,,,,,,,,,,,,,,,,,,,,,,"839,337.81280","1,853,029.93600"
CAROL,MART NETWORKS KENYA LIMITED,,,,,,,,,,,,,,,,,,,,,,,"1,037.04000"
CAROL,MIA WINES & SPIRITS INTERNATIONAL,,,,,,,,,,,,,,,,,,,,,,"30,276.00000",
CAROL,MURPHY CHEMICALS EAST AFRICA LIMITED,,,,,,,,,,,,,,,,,,,,,,,"98,531.56000"
CAROL,NABICO ENTERPRISES LIMITED,,,,,,,,,,,,,,,,,,,,,,818.03200,"67,010.88000"
CAROL,NESTLE KENYA LIMITED,,,,,,,,,,,,,,,,,,,,,"4,640.00000","711,245.30000","210,508.10000"
CAROL,PRADIP ENTERPRISES (EA) LTD,,,,,,,,,,,,,,,,,,,,,,"262,508.00000","1,247,710.50000"
CAROL,RELIANCE HOTELS LTD,,,,,,,,,,,,,,,,,,,,,,"30,450.00000",
CAROL,REX INTERNATIONAL LTD,,,,,,,,,,,,,,,,,,,,,,"4,872.00000",
CAROL,RINZ PRODUCTS LIMITED,,,,,,,,,,,,,,,,,,,,,,,"16,240.00000"
CAROL,ROSETO LIMITED,,,,,,,,,,,,,,,,,,,,,,"11,658.00000","1,102.00000"
CAROL,ROSHNI DISTRIBUTORS LIMITED,,,,,,,,,,,,,,,,,,,,,,"66,990.00000","153,120.00000"
CAROL,SIERRA FLORA LIMITED,,,,,,,,,,,,,,,,,,,,,,"42,293.60000","1,322.40000"
CAROL,SOUTH LEMON LIMITED,,,,,,,,,,,,,,,,,,,,,,"42,983.80000","247,561.40000"
CAROL,SOYS LIMITED,,,,,,,,,,,,,,,,,,,,,,,"7,962.24000"
CAROL,TAWI NATURAL LIMITED,,,,,,,,,,,,,,,,,,,,,,,"67,994.56000"
CAROL,TOP FOOD LIMITED,,,,,,,,,,,,,,,,,,,,,,"1,089,935.30400","219,783.85440"
CAROL,TULIVU GARDENS LIMITED,,,,,,,,,,,,,,,,,,,,,,"25,984.00000",
CAROL,VIVA GLOBAL LIMITED,,,,,,,,,,,,,,,,,,,,,,"22,085.47200","9,424.76800"
CAROL,VIVO ENERGY KENYA LIMITED,,,,,,,,,,,,,,,,,,,,,,,"3,324.56000"
CAROL,X-CENTRIC LIMITED,,,,,,,,,,,,,,,,,,,,,,"1,392.00000","19,975.20000"
CAROL,YEMKEN TRADING COMPANY LIMITED,,,,,,,,,,,,,,,,,,,,,,,"69,971.20000"
CAROL,ZD INDUSTRIES LIMITED,,,,,,,,,,,,,,,,,,,,,,,"105,759.98400"
CAROL,ADVANCE PLASTICS LIMITED-DR,,,,,,,,,,,"34,104.00000",,,,,,,,,,,,
CAROL,AGI NATURAL LIMITED,,,,,,,,,,,,,,,,,,,,,"3,480.00000",,
CAROL,ALIMP GROUP LIMITED,,,,,,,,,,,,,,,,,,,"47,573.54880","17,867.01600",,,"36,790.09600"
CAROL,BENARD WAKABA GITHAIGA,,,,,,,,,"95,584.00000","210,819.09600","132,105.44000","69,822.25600","84,071.69600","159,593.72800","77,659.44800","47,023.15200","66,259.89600",,"4,100.00000","79,796.86400","92,621.36000",,"109,720.68800"
CAROL,BIZMED  SOLUTION,,,,,,,,,,,,,,,,,,"10,001.52000",,,,,
CAROL,C & P SHOE INDUSTRIES LTD - DR,,,"355,295.85000",,,,,,,,,,,,,,,,,,,,
CAROL,CANON CHEMICALS LTD,"47,020.60000",,,,,,,,,,,,,,,,,,,,,,
CAROL,CASABELLA ASSOCIATES LTD,,,,,,,,,,"17,400.00000",,,,,,,,,,,"23,200.00000",,
CAROL,CENTRAL PARK BEES LIMITED,"53,409.30000",,,,,,,,,,,,,,,,,,,,,,
CAROL,CHEKALYN PRIME ENTERPRISES LTD,"25,264.80000",,,,,,,,,,,,,,,,,,,,,,
CAROL,CHEMICALS AND SCHOOL SUPPLIES LIMITED,,,,"29,000.00000","63,800.00000",,,,,,,,,,,,,,,,,"30,160.00000",
CAROL,CLOROX SUB-SAHARA AFRICA LTD,"7,163.00000",,,,,,,,,,,,,,,,,,,,,,
CAROL,CO PROMOTION LIMITED,,,,,,,"4,036.80000",,,,,,,,,,,,,,,,
CAROL,COLOUR LABEL LTD,,,,,"368,253.60000","-368,253.60000",,,,,,,,,,,,,,,,,
CAROL,DEIS FARM LTD,,,,,,"11,600.00000",,,,,,,,,,,,,,,,,
CAROL,DOMAINE KENYA LIMITED,"5,250.00000",,,,,,,,,,,,,,,,,,,,,,
CAROL,EDEN DAIRY LTD,"44,370.00000",,,,,,,,,,,,,,,,,,,,,,
CAROL,FOAM MATTRESSES LIMITED,"304,954.72000",,,,,,,,,,,,,,,,,,,,,,
CAROL,GENERICS AFRICA LIMITED,"12,180.00000",,,,,,,,,,,,,,,,,,,,,,
CAROL,GLACIER PRODUCTS LTD,,,,,,,,,,,,,,,,,,,,,,"93,960.00000",
CAROL,GLOBAL MARK FOODS LTD,"831,256.00000","29,371.20000",,,,,,,,,,,,,,,,,,,,,
CAROL,GOLDEN AFRICA KENYA LIMITED,"156,802.18800",,,,,,,,,,,,,,,,,,,,,,
CAROL,GOLDEN DIAMOND AQUIFERS,,,,,,,,,,"46,400.00000",,,,,,,,,,,,,
CAROL,IDEAL MANUFACTURING COMPANY LIMITED,"8,874.00000","21,808.00000","59,774.80000",,,"-10,800.99200",,"8,874.00000","35,496.00000","23,200.00000",,,,,,"23,200.00000",,,"4,640.00000",,,"9,280.00000",
CAROL,IMPALA AUTO SPARES LTD,"2,676.23600",,,,,,,,,,,,,,,,,,,,,,
CAROL,ISHYO FOODS LIMITED,,,"129,500.00000",,,,,,,,,,,,,,,,,,,,
CAROL,ITALIAN GELATI & FOOD PRODUCTS LTD,"168,292.80000",,,,,,,,,,,,,,,,,,,,,,
CAROL,IZYCUT LABELS,"29,169.36000","12,632.40000","56,271.60000","6,660.72000","31,236.48000","15,388.56000","18,833.76000","19,140.00000","35,217.60000","17,915.04000","11,407.44000","28,174.08000","9,034.08000","7,043.52000","17,072.88000","8,421.60000","4,670.16000","10,718.40000",,,,,
CAROL,JACKSON MUREMERA,"189,040.00000","172,550.40000",,,,,,,,,,,,,,,,,,,,,
CAROL,JACKSON MUROMORA,,,,,,,,,,,,"68,672.00000",,,,,,,,,,,
CAROL,JACNZU AGENCIES,,,,,,,,,,,,,,,,,,"85,048.00000",,,,,
CAROL,John Karumbi,,,,,,,,,"50,000.00200",,,,,,,,,,,,,,
CAROL,KAZIFRESH LIMITED,,,,,,,,,,,,,,,,,,"108,423.17200",,,,,
CAROL,KEFFRYS BRAND,,,,,,,,,,,,,"16,129.80000",,,,,,,,,,
CAROL,KENTASTE PRODUCTS,,,,,,,"23,548.00000",,,,,,,,,,,,,,,,
CAROL,KEVIAN KENYA LIMITED,"1,532,106.15720","815,354.39520",,,,,,,,,,,,,,,,,,,,,
CAROL,KIAMBAA DAIRY FARMERS CO-OPERATIVE SOCIETY LTD,"377,500.00000","377,500.00000",,,,,,,,,,,,,,,,,,,,,
CAROL,LAKE GAS LTD,"56,666.00000",,,,,,,,,,,,,,,,,,,,,,
CAROL,LELACH DAIRIES LIMITED,,"9,280.00000","27,840.00000",,"17,469.60000","11,600.00000","40,669.60000","23,200.00000",,,,,"62,779.20000","23,200.00000",,,,"12,829.60000",,,,,
CAROL,LEO INVESTMENTS LTD/CONCORD,,,,,,"45,800.00000",,,,,,,,,,,,,,,,,
CAROL,LESTER DAIRIES,"24,441.20000",,,,,,,,,,,,,,,,,,,,,,
CAROL,LOKI VENTURES LIMITED,,,,,,,"59,160.00000",,,,,,,,,,,,,,,,
CAROL,LUFION MANUFACTURERS,"12,992.00000","12,528.00000",,,,,,,,,,,,,,,,,,,,,
CAROL,MAGNUM ENGINEERS,,,,,,,,,,,,,,,,,,"7,540.00000",,,,,
CAROL,MAMA O DAIRIES,,"13,920.00000",,,,,,,,,,,,,,,,,,,,,
CAROL,MARY NJERI,,,,,,,,,,,,,,,,,,"188,755.20000",,,,,
CAROL,MEDITEC EA FAIRLIFE LIMITED,,"50,750.00000",,,,,,,,,,,,,,,,,,,,,
CAROL,METAL CROWN,"169,389.00000",,,,,,,,,,,,,,,,,,,,,,
CAROL,MOVIT PRODUCTS (KENYA) LIMITED,,,,"20,984.40000",,,,,,,,,,,,,,,,,,,
CAROL,MURPHY CHEMICALS,,,,,,,,,,,,,,,,,"28,814.40000",,,,,,
CAROL,MVITA OIL,"2,087,420.00000",,,,,,,,,,,,,,,,,,,,,,
CAROL,NICE SUPERMARKET LIMITED,,,"39,440.00000","-39,440.00000",,,,,,,,,,,,,,,,,,,
CAROL,NOSTIMO LTD,"26,680.00000",,,,,,,,,,,,,,,,,,,,,,
CAROL,ORIBUT COMPANY LIMITED,,"210,825.00000",,,,,,,,,,,,,,,,,,,,,
CAROL,PERRY FRESH LIMITED,"25,589.60000",,,,,,,,,,,,,,,,,,,,,,
CAROL,PLASITEK LIMITED,"1,067,593.20000",,,,,,,,,,,,,,,,,,,,,,
CAROL,POLMERK INDUSTRIES LIMITED,"22,201.53000",,,,,,,,,,,,,,,,,,,,,,
CAROL,POWERPOINT SYSTEMS EAST AFRICA LIMITED,"18,061.20000",,"17,400.00000",,,,,,,,,,,,,,,,,,,,
CAROL,PRASHA ENTERPRISES,"86,088.24000",,,,,,,,,,,,,,,,,,,,,,
CAROL,PRIMETECH INDUSTRIES E.A. LTD,,,,,"1,345.60000",,,,,,,,,,,,,,,,,,
CAROL,RADHESHYAM SUPPLIERS LIMITED,"9,280.00000",,,,,,,,,,,,,,,,,,,,,,
CAROL,RELIABLE PACKERS LIMITED,"900,096.34540",,,,,,,,,,,,,,,,,,,,,,
CAROL,ROGWENK SUPPLIES,"23,200.00000","67,512.00000",,,,,,,,,,,,,,,,,,,,,
CAROL,ROLEK GLOBAL LIMITED,,,,,,,"17,400.00000",,,,,,,,,,,,,,,,
CAROL,ROSHNI DISTRIBUTORS LIMITED,"51,949.40000",,,,,,,,,,,,,,,,,,,,,,
CAROL,SHIZUKA TRADERS LIMITED,,,"560,512.00000","272,832.00000","288,608.00000","271,904.00000","211,584.00000","276,544.00000",,,,,,"387,672.00000","308,328.00000","146,160.00000","222,720.00000","181,656.00000",,,,,
CAROL,SILAFRICA  KENYA LIMITED,,"405,531.36000",,,,,,,,,,,,,,,,,,,,,
CAROL,SOYS LIMITED,"10,996.45200",,,,,,,,,,,,,,,,,,,,,,
CAROL,SPARKLE BRANDS LIMITED,"3,712.00000",,,,,,,,,,,,,,,,,,,,,,
CAROL,THE PILL BOX LIMITED,,,"23,200.00000",,,,,,,,,,,,"23,200.00000",,,,,,,,
CAROL,TULIVU GARDENS LIMITED,"16,008.00000","35,496.00000",,,,,,,,,,,,,,,,,,,,,
CAROL,UPLANDS PREMIUM DAIRIES & FOOD,"143,608.00000",,,,,,,,,,,,,,,,,,,,,,
CAROL,VIMIT CONVERTERS LTD,,,,,,,,,"1,160,000.00000",,,,,,,,,,,,,,
CAROL,VIVO ENERGY KENYA LIMITED,"10,292.10000",,"61,958.03600",,"37,693.85200",,"20,224.02000","63,813.68800","50,597.46000","22,316.66000","-23,752.04400","33,807.04000","71,449.62000",,,"48,791.92000","38,840.28000","25,530.44000",,,,,
CAROL,VUMUAL WATERSITES AGENCIES,,,,,,,,,,,,,"71,096.40000","54,299.60000","21,715.20000","24,928.40000",,"153,004.00000",,,,,
CAROL,YUSUF SHABAN,,,,,,,,,,,,,,,0.00000,,,,,,,,
CAROL,ZAADA PURIFIED DRNKING WATER LIMITED,"224,784.45200",,,,,,,,,,,,,,,,,,,,,,
CAROL,ZANFOOD & TEA COMPANY LIMITED,"59,508.00000",,,,,,,,,,,,,,,,,,,,,,
CAROL,ZUCCHINI GREENGROCERS LTD,"76,560.00000",,,,,,,,,,,,,,,,,,,,,,
